"<ID>";"N0 =: Nhum";"N0 =: N-hum";"N0 =: Nnr";"Vsup =: avoir";"Vsup =: avoir eu";"Vsup =: manifester";"Vsup =: donner";"N2 donner à N0 Det N à N1";"Det =: un";"N0 avoir un N";"Det =: un-Modif";"N0 avoir un N Modif";"Det =: des";"Det =: le";"N0 Vsup le N de V0-inf W";"N0 Vsup le N de Nc à N1";"Det =: son, Nc =: N0";"N0 avoir le N";"Det =: du";"N0 avoir du N";"Det =: <E>";"très";"<ENT>N";"N1 =: Qu Pind";"N1 =: Qu Psubj";"Prép N1 =: Prép ce Qu P = Qu P";"N1 =: ce(ci+la)";"N1 =: V0-inf W";"N1 =: Nhum";"N1 =: N-hum";"N1 =: le fait Qu P";"Ppv =: y";"Prép1 =: pour";"Prép1 =: contre";"Prép1 =: avec";"Prép1 =: dans";"N0 (connaître+comprendre) son N à V-inf W";"il y avoir (E+un) N à V0-inf W";"il y avoir (E+un) N à V0-inf W de la part de N0";"il y avoir (E+un) N à V0-inf W (pour+à l'égard de) N0";"N0 être (Adj+Vpp) à N1";"Exemple Base1";"Exemple Autre1";;;;;;;;;;;;;;;;;;;;;;;;;;;;;;;;;;;;;;;;;;;;;;;;;;;;;;;;;;;;;;;;;;;;;;;;;;;;;;;;;;;;;;;;;;;;;;;;;;;;;;;;;;;;;;;;;;;;;;;;;;;;;;;;;;;;;;;;;;;;;;;;;;;;;;;;;;;;;;;;;;;;;;;;;;;;;;;;;;;;;;;;;;;;;;;;;;;;;;;;;;;;;;;;;;;;
"1";"+";"-";"-";"+";"-";"-";"-";"-";"-";"-";"-";"-";"-";"-";"-";"-";"-";"-";"-";"-";"+";"+";"à coeur";"-";"+";"+";"+";"+";"-";"-";"-";"+";"-";"-";"-";"-";"-";"-";"-";"-";"-";"~";"~"
"2";"+";"-";"-";"+";"-";"+";"+";"+";"-";"-";"+";"+";"-";"-";"+";"-";"-";"-";"+";"+";"-";"-";"abnégation";"-";"+";"-";"+";"+";"-";"-";"-";"+";"-";"-";"-";"+";"+";"+";"+";"-";"-";"~";"~"
"3";"+";"-";"-";"+";"+";"-";"+";"+";"+";"+";"+";"+";"-";"+";"-";"+";"+";"-";"-";"-";"-";"-";"abonnement";"-";"-";"-";"+";"-";"-";"+";"-";"+";"+";"-";"-";"-";"-";"+";"-";"+";"+";"~";"~"
"4";"-";"+";"+";"+";"+";"-";"-";"-";"-";"-";"+";"-";"-";"-";"-";"+";"+";"-";"-";"-";"-";"-";"aboutissement";"-";"-";"-";"+";"-";"+";"-";"-";"+";"-";"-";"-";"+";"+";"+";"+";"-";"-";"~";"~"
"5";"+";"-";"-";"+";"-";"-";"-";"-";"-";"-";"+";"-";"-";"-";"-";"-";"-";"-";"-";"-";"-";"-";"accaparement";"-";"-";"-";"+";"+";"-";"-";"-";"-";"-";"-";"-";"+";"+";"+";"+";"-";"-";"~";"~"
"6";"+";"+";"-";"+";"+";"-";"+";"+";"+";"-";"+";"-";"-";"-";"-";"-";"-";"-";"-";"-";"+";"-";"accès";"-";"-";"-";"+";"-";"+";"+";"-";"+";"-";"-";"-";"-";"-";"+";"-";"+";"-";"~";"~"
"7";"+";"-";"-";"+";"-";"+";"+";"-";"-";"-";"+";"+";"-";"-";"-";"-";"-";"-";"-";"-";"-";"-";"accessibilité";"-";"-";"-";"+";"-";"+";"-";"-";"+";"-";"-";"-";"-";"-";"+";"-";"+";"-";"~";"~"
"8";"+";"-";"-";"+";"+";"-";"-";"-";"-";"-";"-";"-";"-";"-";"-";"+";"+";"-";"-";"-";"-";"-";"accession";"-";"-";"-";"+";"-";"-";"-";"-";"-";"-";"-";"-";"-";"-";"+";"-";"+";"-";"~";"~"
"9";"+";"-";"-";"+";"-";"+";"+";"+";"-";"-";"+";"-";"-";"-";"+";"-";"-";"-";"+";"+";"-";"-";"acharnement";"-";"+";"-";"+";"+";"-";"-";"-";"+";"-";"+";"-";"+";"+";"+";"+";"-";"+";"~";"~"
"10";"+";"+";"-";"+";"-";"+";"+";"+";"+";"-";"+";"-";"-";"+";"-";"-";"-";"-";"-";"-";"-";"-";"adaptation";"+";"-";"-";"+";"+";"+";"+";"+";"+";"-";"-";"+";"-";"+";"+";"+";"-";"+";"~";"~"
"11";"+";"-";"-";"+";"+";"-";"-";"-";"-";"-";"-";"-";"-";"-";"-";"+";"-";"-";"-";"-";"-";"-";"admission";"-";"-";"-";"+";"+";"-";"-";"-";"+";"-";"-";"-";"+";"-";"+";"-";"+";"-";"~";"~"
"12";"+";"-";"-";"+";"-";"+";"+";"+";"-";"-";"+";"+";"-";"-";"-";"-";"-";"-";"+";"+";"-";"-";"adresse";"-";"-";"-";"+";"+";"-";"-";"-";"+";"-";"-";"+";"+";"+";"+";"+";"-";"+";"~";"~"
"13";"+";"-";"-";"+";"+";"-";"-";"-";"-";"-";"-";"-";"-";"-";"-";"-";"-";"-";"-";"-";"+";"-";"affaire";"-";"-";"-";"+";"+";"+";"-";"-";"+";"-";"-";"+";"+";"-";"-";"-";"-";"-";"~";"~"
"14";"+";"-";"-";"+";"+";"-";"-";"-";"-";"-";"-";"-";"-";"+";"-";"+";"-";"-";"-";"-";"-";"-";"affectation";"-";"-";"-";"+";"+";"-";"-";"-";"+";"-";"-";"-";"+";"-";"+";"-";"+";"+";"~";"~"
"15";"+";"-";"-";"+";"-";"+";"-";"-";"-";"-";"+";"-";"-";"-";"-";"-";"-";"-";"+";"-";"-";"-";"agacement";"-";"+";"-";"+";"+";"-";"-";"-";"-";"-";"-";"-";"+";"+";"+";"+";"-";"-";"~";"~"
"16";"+";"-";"-";"+";"+";"+";"+";"+";"-";"-";"+";"-";"-";"-";"+";"-";"-";"-";"+";"-";"-";"-";"agrément";"-";"+";"+";"+";"+";"-";"-";"-";"+";"+";"-";"+";"+";"+";"+";"-";"+";"-";"~";"~"
"17";"+";"-";"-";"+";"+";"-";"+";"-";"-";"-";"-";"-";"-";"-";"-";"+";"-";"-";"-";"-";"-";"-";"aide";"-";"-";"-";"+";"+";"-";"-";"-";"+";"+";"-";"-";"+";"-";"+";"-";"+";"-";"~";"~"
"18";"+";"+";"-";"+";"+";"-";"+";"-";"-";"-";"-";"-";"+";"+";"+";"-";"-";"-";"-";"-";"-";"-";"air";"-";"-";"-";"+";"+";"-";"-";"-";"-";"-";"-";"-";"-";"+";"-";"-";"-";"-";"~";"~"
"19";"+";"-";"-";"+";"-";"+";"+";"+";"-";"-";"+";"+";"-";"-";"+";"-";"-";"-";"+";"+";"-";"-";"aisance";"-";"-";"-";"+";"+";"-";"-";"-";"+";"-";"-";"+";"+";"+";"+";"+";"-";"-";"~";"~"
"20";"+";"-";"-";"+";"-";"+";"+";"-";"-";"-";"+";"-";"-";"-";"+";"-";"-";"-";"+";"-";"-";"-";"allégresse";"+";"+";"-";"+";"+";"-";"-";"-";"+";"-";"-";"+";"+";"+";"+";"+";"-";"-";"~";"~"
"21";"+";"-";"-";"+";"-";"+";"+";"+";"+";"-";"+";"-";"+";"-";"-";"-";"-";"-";"+";"-";"-";"-";"allergie";"-";"+";"-";"+";"+";"+";"+";"+";"+";"-";"-";"-";"-";"+";"+";"+";"+";"+";"~";"~"
"22";"+";"-";"-";"+";"+";"+";"+";"-";"-";"-";"+";"-";"-";"-";"-";"-";"-";"-";"+";"-";"-";"-";"amusement";"-";"-";"-";"+";"+";"-";"-";"-";"+";"-";"-";"+";"+";"+";"+";"+";"-";"-";"~";"~"
"23";"+";"-";"-";"+";"-";"-";"+";"+";"+";"-";"+";"-";"-";"+";"-";"-";"-";"-";"-";"-";"-";"-";"antidote";"+";"-";"-";"+";"-";"-";"+";"+";"+";"+";"+";"-";"-";"+";"+";"-";"+";"-";"~";"~"
"24";"+";"-";"-";"+";"+";"-";"-";"-";"+";"-";"+";"-";"+";"-";"-";"-";"-";"-";"-";"-";"-";"-";"appel";"-";"-";"-";"+";"+";"-";"-";"-";"-";"-";"-";"-";"-";"-";"+";"-";"+";"+";"~";"~"
"25";"+";"-";"-";"+";"-";"+";"-";"-";"-";"-";"+";"-";"-";"-";"-";"-";"-";"-";"+";"+";"-";"-";"application";"-";"-";"-";"+";"+";"-";"-";"-";"+";"-";"-";"-";"+";"+";"+";"+";"-";"+";"~";"~"
"26";"+";"-";"-";"+";"+";"-";"+";"-";"-";"-";"-";"-";"-";"-";"-";"+";"-";"-";"-";"-";"-";"-";"apport";"-";"+";"-";"+";"+";"-";"-";"-";"+";"-";"-";"-";"+";"-";"+";"-";"+";"-";"~";"~"
"27";"+";"-";"-";"+";"-";"+";"-";"-";"-";"-";"+";"-";"-";"+";"-";"-";"-";"-";"-";"-";"-";"-";"apprivoisement";"+";"+";"-";"+";"+";"+";"+";"+";"+";"-";"-";"+";"-";"+";"+";"+";"-";"+";"~";"~"
"28";"+";"-";"-";"+";"+";"-";"+";"-";"-";"-";"-";"-";"-";"+";"+";"+";"-";"-";"-";"-";"-";"-";"approbation";"-";"-";"-";"-";"+";"-";"-";"-";"-";"+";"-";"-";"+";"-";"+";"-";"+";"-";"~";"~"
"29";"+";"-";"-";"+";"-";"+";"+";"+";"-";"-";"+";"+";"+";"-";"-";"-";"-";"-";"-";"-";"-";"-";"aptitude";"-";"-";"-";"+";"+";"-";"-";"-";"+";"+";"-";"-";"+";"+";"-";"-";"-";"+";"~";"~"
"30";"+";"-";"-";"+";"-";"+";"+";"+";"-";"-";"+";"-";"-";"-";"+";"-";"-";"-";"+";"+";"-";"-";"ardeur";"-";"-";"-";"+";"+";"-";"-";"-";"+";"-";"-";"-";"+";"+";"+";"+";"-";"+";"~";"~"
"31";"+";"-";"-";"+";"-";"-";"+";"+";"-";"-";"+";"+";"+";"+";"+";"-";"-";"-";"-";"-";"-";"-";"aspiration";"-";"+";"-";"+";"+";"-";"-";"-";"+";"-";"-";"-";"-";"+";"+";"+";"-";"-";"~";"~"
"32";"+";"-";"-";"+";"+";"-";"+";"+";"-";"-";"-";"-";"-";"-";"-";"+";"-";"-";"-";"-";"-";"-";"assentiment";"-";"-";"-";"+";"+";"-";"-";"-";"-";"-";"-";"-";"-";"-";"+";"+";"+";"-";"~";"~"
"33";"+";"-";"-";"+";"-";"+";"-";"-";"-";"-";"+";"+";"+";"+";"-";"-";"-";"-";"-";"-";"-";"-";"asservissement";"-";"-";"-";"+";"+";"+";"+";"+";"+";"-";"-";"-";"-";"+";"+";"-";"+";"+";"~";"~"
"34";"+";"-";"-";"+";"-";"-";"-";"-";"-";"-";"+";"-";"-";"-";"-";"-";"-";"-";"+";"-";"-";"-";"assiduité";"-";"-";"-";"+";"+";"-";"-";"-";"+";"-";"-";"-";"+";"+";"+";"+";"-";"+";"~";"~"
"35";"+";"-";"-";"+";"+";"-";"+";"-";"-";"-";"-";"-";"-";"+";"-";"+";"-";"-";"-";"-";"-";"-";"assignation";"-";"-";"-";"+";"+";"-";"-";"-";"+";"-";"-";"-";"-";"+";"+";"-";"+";"+";"~";"~"
"36";"+";"-";"-";"+";"+";"-";"+";"+";"-";"-";"-";"-";"-";"-";"-";"+";"-";"-";"-";"-";"-";"-";"assistance";"-";"-";"-";"+";"+";"-";"-";"-";"+";"-";"-";"-";"-";"-";"+";"+";"+";"-";"~";"~"
"37";"+";"-";"-";"+";"+";"-";"-";"+";"+";"-";"+";"-";"-";"+";"-";"+";"-";"-";"+";"-";"-";"-";"assujettissement";"+";"-";"-";"+";"+";"+";"+";"-";"+";"-";"-";"-";"-";"+";"+";"-";"+";"+";"~";"~"
"38";"+";"-";"-";"+";"-";"+";"-";"-";"+";"-";"+";"-";"-";"-";"-";"-";"-";"-";"+";"-";"-";"-";"attachement";"-";"+";"-";"+";"+";"+";"+";"+";"+";"+";"-";"+";"-";"+";"+";"+";"-";"+";"~";"~"
"39";"+";"-";"-";"+";"+";"-";"+";"+";"+";"+";"+";"+";"-";"+";"+";"+";"-";"-";"-";"-";"-";"-";"autorisation";"-";"-";"-";"+";"+";"-";"-";"-";"+";"+";"-";"-";"-";"-";"+";"-";"+";"+";"~";"~"
"40";"+";"+";"-";"+";"-";"-";"+";"-";"+";"+";"+";"+";"+";"-";"+";"-";"-";"-";"-";"-";"+";"-";"avantage";"-";"+";"+";"+";"+";"-";"-";"-";"+";"-";"-";"+";"+";"-";"+";"-";"+";"-";"~";"~"
"41";"+";"-";"-";"+";"-";"+";"+";"+";"+";"-";"+";"-";"-";"-";"-";"-";"-";"-";"+";"-";"-";"-";"aversion";"-";"-";"-";"+";"+";"-";"-";"-";"+";"+";"-";"-";"+";"+";"+";"+";"-";"-";"~";"~"
"42";"+";"-";"-";"+";"-";"+";"+";"-";"-";"-";"+";"+";"-";"-";"+";"-";"-";"-";"+";"-";"-";"-";"avidité";"-";"-";"-";"+";"+";"-";"-";"-";"+";"+";"-";"-";"+";"+";"+";"+";"-";"+";"~";"~"
"43";"+";"-";"-";"+";"+";"-";"+";"-";"+";"-";"+";"-";"+";"-";"+";"-";"-";"-";"+";"-";"+";"-";"bénéfice";"-";"+";"-";"+";"+";"-";"-";"-";"+";"-";"-";"-";"-";"-";"+";"-";"+";"-";"~";"~"
"44";"+";"+";"-";"+";"-";"+";"+";"+";"+";"+";"-";"+";"-";"-";"-";"-";"+";"+";"+";"+";"-";"+";"capacité";"+";"+";"+";"-";"-";"+";"+";"+";"-";"+";"+";"+";"-";"-";"-";"-";"+";"-";"Ce liquide a une grande capacité à se répandre";"~"
"45";"+";"-";"-";"+";"-";"-";"+";"+";"-";"-";"-";"-";"-";"+";"+";"-";"-";"-";"+";"-";"-";"-";"coeur";"-";"-";"-";"+";"+";"-";"-";"-";"-";"-";"-";"-";"-";"-";"-";"-";"-";"-";"~";"~"
"46";"+";"-";"-";"+";"-";"+";"+";"+";"-";"-";"+";"+";"-";"-";"+";"-";"-";"-";"-";"-";"-";"-";"compétence";"-";"-";"-";"-";"+";"-";"-";"-";"+";"+";"-";"-";"+";"+";"+";"+";"-";"+";"~";"~"
"47";"+";"-";"-";"+";"-";"+";"+";"+";"-";"-";"+";"-";"-";"-";"+";"-";"-";"-";"+";"-";"-";"-";"complaisance";"-";"+";"-";"+";"+";"-";"-";"-";"+";"+";"-";"-";"+";"+";"+";"+";"-";"+";"~";"~"
"48";"+";"+";"-";"+";"+";"-";"-";"-";"+";"+";"+";"+";"-";"+";"+";"+";"-";"-";"-";"-";"-";"-";"condamnation";"-";"-";"-";"+";"+";"-";"-";"-";"+";"-";"-";"-";"-";"+";"+";"-";"+";"+";"~";"~"
"49";"+";"-";"-";"+";"+";"+";"+";"+";"-";"-";"+";"+";"-";"-";"+";"+";"-";"-";"+";"-";"-";"-";"condescendance";"-";"+";"+";"+";"+";"-";"-";"-";"+";"-";"-";"+";"-";"+";"+";"+";"-";"+";"~";"~"
"50";"+";"+";"-";"+";"-";"-";"+";"+";"+";"-";"+";"+";"-";"+";"-";"-";"-";"-";"-";"-";"-";"-";"conditionnement";"-";"+";"-";"+";"+";"+";"+";"+";"+";"+";"-";"-";"-";"+";"+";"-";"+";"+";"~";"~"
"51";"+";"-";"-";"+";"+";"-";"+";"+";"-";"-";"+";"-";"-";"-";"-";"+";"-";"-";"-";"-";"-";"-";"consentement";"-";"-";"-";"+";"+";"-";"-";"-";"+";"+";"-";"-";"-";"+";"+";"+";"+";"-";"~";"~"
"52";"+";"-";"-";"+";"-";"+";"+";"+";"-";"-";"+";"+";"-";"-";"+";"+";"-";"-";"+";"+";"-";"-";"constance";"-";"-";"-";"-";"+";"-";"-";"-";"+";"-";"-";"-";"+";"+";"+";"+";"-";"+";"~";"~"
"53";"+";"-";"-";"+";"-";"+";"+";"+";"-";"-";"+";"-";"-";"-";"+";"-";"-";"-";"-";"-";"-";"-";"contentement";"+";"+";"+";"+";"+";"-";"-";"-";"+";"-";"-";"+";"+";"+";"+";"+";"+";"-";"~";"~"
"54";"+";"-";"-";"+";"+";"-";"+";"-";"+";"-";"-";"-";"-";"-";"-";"-";"-";"-";"-";"-";"-";"-";"contre indication";"+";"-";"-";"+";"-";"-";"-";"+";"+";"-";"-";"-";"-";"-";"+";"+";"-";"-";"~";"~"
"55";"+";"-";"-";"+";"+";"-";"+";"+";"-";"-";"-";"-";"-";"-";"-";"+";"-";"-";"-";"-";"-";"-";"contribution";"-";"-";"-";"+";"+";"-";"-";"-";"+";"-";"-";"-";"+";"+";"+";"-";"+";"-";"~";"~"
"56";"+";"-";"-";"+";"+";"-";"+";"-";"+";"+";"+";"+";"-";"+";"-";"+";"+";"-";"-";"-";"-";"-";"convocation";"-";"-";"-";"+";"+";"-";"-";"-";"+";"+";"-";"+";"-";"-";"+";"-";"+";"+";"~";"~"
"57";"+";"-";"-";"+";"-";"-";"-";"-";"+";"-";"+";"-";"+";"-";"-";"-";"-";"-";"-";"-";"-";"-";"correctif";"+";"-";"-";"+";"-";"-";"-";"+";"+";"-";"-";"-";"-";"+";"+";"-";"+";"-";"~";"~"
"58";"+";"-";"-";"+";"+";"-";"+";"+";"-";"-";"+";"-";"-";"-";"-";"+";"-";"-";"-";"-";"-";"-";"coup de main";"-";"-";"-";"-";"+";"-";"-";"-";"-";"+";"-";"-";"+";"-";"+";"-";"+";"-";"~";"~"
"59";"+";"-";"-";"+";"-";"+";"-";"-";"-";"-";"+";"-";"-";"-";"-";"-";"-";"-";"+";"-";"-";"-";"délectation";"-";"+";"-";"+";"+";"-";"-";"-";"+";"-";"-";"+";"+";"+";"+";"+";"-";"-";"~";"~"
"60";"+";"-";"-";"+";"+";"+";"-";"-";"-";"-";"+";"-";"-";"-";"+";"-";"-";"-";"+";"-";"-";"-";"déplaisir";"-";"-";"-";"+";"+";"-";"-";"-";"+";"-";"-";"-";"+";"+";"+";"+";"-";"-";"~";"~"
"61";"+";"-";"-";"+";"-";"-";"+";"+";"+";"-";"+";"-";"-";"+";"-";"-";"-";"-";"-";"-";"-";"-";"dérivatif";"+";"-";"-";"+";"-";"-";"+";"-";"+";"+";"+";"-";"+";"+";"+";"-";"+";"-";"~";"~"
"62";"+";"-";"-";"+";"-";"+";"-";"-";"-";"-";"+";"+";"-";"-";"+";"-";"-";"-";"+";"-";"-";"-";"désabusement";"-";"-";"-";"+";"+";"-";"-";"-";"+";"-";"-";"-";"+";"+";"+";"+";"-";"-";"~";"~"
"63";"+";"-";"-";"+";"+";"-";"-";"-";"-";"-";"+";"-";"-";"-";"+";"-";"-";"-";"+";"-";"-";"-";"désagrément";"-";"+";"+";"+";"+";"-";"-";"-";"+";"+";"-";"+";"+";"+";"+";"-";"+";"+";"~";"~"
"64";"+";"-";"+";"+";"+";"+";"+";"-";"-";"-";"-";"-";"-";"-";"-";"+";"-";"-";"-";"-";"-";"-";"désapprobation";"-";"-";"-";"+";"+";"-";"-";"-";"+";"-";"-";"-";"+";"-";"+";"+";"-";"-";"~";"~"
"65";"+";"-";"-";"+";"-";"-";"+";"-";"+";"+";"+";"+";"+";"-";"+";"-";"-";"-";"-";"-";"+";"-";"désavantage";"-";"+";"-";"+";"+";"-";"-";"-";"+";"+";"-";"-";"+";"+";"+";"-";"+";"+";"~";"~"
"66";"-";"+";"-";"+";"-";"-";"-";"-";"+";"+";"+";"-";"-";"+";"+";"-";"-";"-";"-";"-";"-";"-";"destination";"-";"-";"-";"+";"+";"-";"-";"-";"+";"-";"-";"-";"+";"+";"+";"+";"-";"+";"Cet objet a destination à la vente";"~"
"67";"+";"-";"-";"+";"-";"+";"+";"+";"+";"-";"+";"+";"-";"-";"+";"-";"-";"-";"-";"-";"-";"-";"détermination";"-";"-";"-";"+";"+";"-";"-";"-";"+";"-";"-";"-";"+";"+";"+";"+";"-";"+";"~";"Paul a de la détermination"
"68";"+";"-";"-";"+";"+";"+";"-";"-";"-";"-";"+";"-";"-";"-";"-";"-";"-";"-";"-";"-";"-";"-";"dévotion";"-";"-";"-";"+";"-";"+";"+";"-";"+";"-";"-";"-";"-";"+";"+";"+";"-";"+";"~";"~"
"69";"+";"-";"-";"+";"-";"+";"-";"-";"-";"-";"+";"+";"-";"-";"+";"-";"-";"-";"-";"-";"-";"-";"dévouement";"-";"-";"-";"+";"+";"+";"-";"-";"+";"+";"-";"-";"+";"+";"+";"+";"-";"+";"~";"~"
"70";"+";"-";"-";"+";"-";"+";"+";"+";"-";"-";"+";"+";"-";"-";"+";"-";"-";"-";"+";"+";"-";"-";"dextérité";"-";"-";"-";"+";"+";"-";"-";"-";"+";"+";"-";"-";"+";"+";"+";"+";"-";"-";"~";"~"
"71";"+";"-";"-";"+";"+";"-";"+";"+";"-";"-";"+";"+";"+";"-";"-";"-";"-";"-";"+";"+";"-";"-";"difficulté";"-";"-";"-";"+";"+";"-";"-";"-";"+";"-";"-";"+";"+";"+";"+";"-";"+";"-";"~";"~"
"72";"+";"-";"-";"+";"-";"+";"-";"-";"-";"-";"+";"-";"-";"-";"+";"-";"-";"-";"-";"-";"-";"-";"diligence";"-";"-";"-";"+";"+";"-";"-";"-";"+";"-";"-";"-";"+";"+";"+";"+";"-";"+";"~";"~"
"73";"+";"-";"-";"+";"-";"+";"-";"-";"-";"-";"+";"+";"-";"-";"-";"-";"-";"-";"-";"-";"-";"-";"disponibilité";"-";"-";"-";"+";"+";"-";"-";"-";"+";"+";"-";"-";"+";"+";"+";"+";"-";"+";"~";"~"
"74";"+";"-";"-";"+";"-";"+";"-";"-";"-";"-";"+";"-";"+";"-";"-";"-";"-";"-";"-";"-";"-";"-";"disposition";"-";"-";"-";"+";"+";"-";"-";"-";"+";"+";"-";"-";"-";"+";"+";"+";"-";"+";"~";"~"
"75";"+";"-";"-";"+";"-";"+";"+";"-";"-";"-";"+";"+";"-";"-";"+";"-";"-";"-";"-";"-";"-";"-";"docilité";"-";"-";"-";"+";"+";"-";"-";"-";"+";"-";"-";"-";"-";"+";"+";"+";"-";"+";"~";"~"
"76";"+";"-";"-";"+";"+";"-";"+";"+";"-";"-";"+";"+";"-";"-";"-";"-";"-";"-";"-";"-";"-";"-";"dressage";"-";"-";"-";"+";"+";"-";"-";"-";"+";"+";"-";"-";"-";"+";"+";"-";"+";"+";"~";"~"
"77";"+";"-";"-";"+";"+";"-";"+";"+";"-";"-";"+";"-";"+";"-";"+";"-";"-";"-";"-";"-";"+";"-";"droit";"-";"-";"-";"+";"+";"-";"+";"-";"+";"-";"-";"-";"-";"-";"-";"-";"-";"-";"~";"~"
"78";"+";"-";"-";"+";"-";"-";"+";"+";"+";"-";"+";"-";"+";"-";"-";"-";"-";"-";"-";"-";"-";"-";"échappatoire";"+";"-";"-";"+";"-";"+";"+";"+";"+";"-";"-";"-";"-";"+";"+";"-";"+";"-";"~";"~"
"79";"+";"-";"-";"+";"+";"-";"+";"-";"-";"-";"+";"+";"-";"-";"-";"-";"-";"-";"-";"-";"-";"-";"efficacité";"-";"-";"-";"+";"+";"-";"-";"-";"+";"-";"-";"-";"+";"+";"+";"+";"-";"+";"~";"~"
"80";"+";"-";"-";"+";"-";"-";"+";"+";"-";"-";"+";"-";"-";"-";"-";"-";"-";"-";"-";"-";"-";"-";"éligibilité";"-";"-";"-";"+";"+";"-";"-";"-";"+";"+";"-";"-";"+";"+";"+";"+";"-";"+";"~";"~"
"81";"+";"-";"-";"+";"+";"+";"-";"-";"-";"-";"+";"-";"-";"-";"+";"-";"-";"-";"+";"-";"-";"-";"empressement";"-";"-";"-";"+";"+";"-";"-";"-";"-";"-";"-";"-";"-";"+";"+";"+";"-";"+";"~";"~"
"82";"+";"-";"-";"+";"+";"+";"+";"+";"+";"+";"+";"+";"-";"+";"-";"+";"-";"-";"+";"+";"-";"-";"encouragement";"-";"-";"-";"+";"+";"-";"-";"-";"+";"-";"-";"-";"+";"+";"+";"-";"+";"+";"~";"~"
"83";"+";"+";"-";"+";"-";"+";"+";"+";"-";"-";"+";"+";"-";"-";"+";"-";"-";"-";"+";"+";"-";"-";"endurance";"-";"-";"-";"+";"+";"-";"+";"-";"+";"-";"-";"-";"-";"+";"+";"+";"-";"-";"~";"~"
"84";"+";"-";"-";"+";"-";"+";"-";"-";"-";"-";"+";"-";"-";"-";"-";"-";"-";"-";"-";"-";"-";"-";"entêtement";"-";"-";"-";"+";"+";"-";"-";"-";"+";"-";"+";"-";"-";"+";"+";"+";"-";"+";"~";"~"
"85";"+";"-";"-";"+";"-";"+";"-";"-";"-";"-";"+";"-";"-";"-";"-";"-";"-";"-";"+";"+";"-";"-";"enthousiasme";"-";"-";"-";"+";"+";"-";"-";"-";"+";"+";"-";"-";"+";"+";"+";"+";"-";"-";"~";"~"
"86";"+";"-";"-";"+";"+";"+";"+";"+";"-";"-";"+";"-";"-";"-";"-";"-";"-";"-";"+";"+";"-";"-";"entrain";"-";"-";"-";"+";"+";"-";"-";"-";"+";"+";"-";"-";"+";"+";"+";"+";"-";"-";"~";"Max a de l'entrain à danser"
"87";"+";"-";"-";"+";"-";"+";"+";"+";"-";"-";"+";"+";"-";"+";"-";"-";"-";"-";"+";"+";"-";"-";"entraînement";"-";"-";"-";"+";"+";"-";"-";"-";"+";"+";"-";"-";"-";"+";"+";"-";"+";"+";"~";"Max a de l'entraînement à (traiter ce problème+ce sport)"
"88";"+";"-";"-";"+";"-";"-";"-";"-";"-";"-";"-";"-";"-";"+";"-";"-";"-";"-";"-";"-";"-";"-";"esprit";"-";"-";"-";"+";"+";"-";"-";"-";"-";"-";"-";"-";"-";"-";"-";"-";"-";"-";"~";"~"
"89";"+";"+";"-";"+";"-";"+";"+";"+";"-";"-";"+";"+";"-";"-";"-";"-";"-";"-";"+";"-";"-";"-";"étanchéité";"+";"+";"-";"+";"-";"+";"+";"-";"+";"-";"+";"-";"-";"+";"+";"+";"-";"+";"Ce vêtement a une bonne étanchéité (E+à la pluie)";"~"
"90";"+";"+";"-";"+";"-";"-";"-";"-";"-";"-";"+";"+";"-";"-";"-";"-";"-";"-";"-";"-";"-";"-";"exactitude";"-";"-";"-";"+";"+";"-";"-";"-";"-";"-";"-";"-";"+";"+";"+";"+";"-";"+";"Max a une certaine exactitude (E+à recompter ses devoirs)";"~"
"91";"+";"-";"-";"+";"+";"+";"-";"-";"-";"-";"+";"-";"+";"+";"-";"-";"-";"-";"-";"-";"-";"-";"excitation";"-";"-";"-";"+";"+";"-";"-";"-";"+";"+";"-";"-";"-";"+";"+";"+";"-";"-";"~";"~"
"92";"+";"-";"-";"+";"-";"-";"+";"+";"+";"+";"+";"+";"+";"-";"+";"-";"-";"-";"-";"-";"-";"-";"excuse";"+";"+";"-";"+";"+";"-";"-";"+";"-";"+";"-";"-";"-";"+";"+";"-";"+";"-";"~";"~"
"93";"+";"-";"-";"+";"+";"-";"-";"-";"+";"-";"+";"-";"-";"+";"+";"+";"-";"-";"-";"-";"-";"-";"exhortation";"-";"-";"-";"+";"+";"-";"-";"-";"+";"-";"-";"-";"-";"+";"+";"-";"+";"+";"~";"~"
"94";"+";"-";"-";"+";"-";"-";"-";"-";"+";"-";"+";"-";"-";"-";"-";"-";"-";"-";"-";"-";"-";"-";"expédient";"+";"-";"-";"+";"-";"-";"-";"-";"-";"+";"-";"-";"-";"+";"+";"-";"+";"-";"Max (a+trouve) un expédient pour résoudre le problème";"~"
"95";"+";"-";"-";"+";"-";"-";"+";"-";"+";"-";"+";"-";"+";"-";"+";"-";"-";"-";"-";"-";"-";"-";"explication";"+";"-";"-";"+";"-";"-";"-";"+";"+";"-";"-";"-";"-";"+";"+";"-";"+";"-";"~";"~"
"96";"+";"-";"-";"+";"-";"-";"+";"+";"+";"-";"+";"-";"-";"+";"-";"-";"-";"-";"-";"-";"-";"-";"exutoire";"+";"-";"-";"+";"+";"-";"-";"-";"+";"+";"-";"-";"+";"+";"+";"+";"-";"-";"~";"~"
"97";"+";"-";"-";"+";"+";"+";"-";"-";"-";"-";"+";"-";"-";"-";"-";"-";"-";"-";"+";"+";"-";"-";"facilité";"-";"-";"-";"+";"+";"-";"-";"-";"+";"+";"-";"+";"+";"+";"+";"+";"-";"-";"~";"Max a de la facilité (E+à apprendre)"
"98";"+";"-";"-";"+";"-";"-";"+";"+";"-";"-";"+";"-";"-";"+";"-";"-";"-";"-";"+";"-";"-";"-";"familiarisation";"-";"-";"-";"+";"+";"+";"+";"+";"+";"-";"-";"+";"-";"+";"+";"-";"+";"+";"~";"~"
"99";"+";"-";"-";"+";"-";"+";"-";"-";"-";"-";"+";"+";"-";"-";"-";"-";"-";"-";"-";"-";"-";"-";"fébrilité";"-";"-";"-";"+";"+";"-";"-";"-";"+";"+";"-";"-";"+";"+";"+";"+";"-";"-";"~";"~"
"100";"+";"-";"-";"+";"-";"-";"-";"-";"-";"-";"+";"+";"-";"-";"-";"-";"-";"-";"-";"-";"-";"-";"fécondité";"-";"-";"-";"+";"+";"-";"-";"-";"+";"-";"-";"-";"+";"+";"+";"+";"-";"-";"(Max+Ce sujet) a une grande fécondité";"~"
"101";"+";"-";"-";"+";"-";"-";"-";"-";"-";"-";"+";"+";"-";"-";"-";"-";"-";"-";"-";"-";"-";"-";"fertilité";"-";"-";"-";"+";"+";"-";"-";"-";"+";"-";"-";"-";"+";"+";"+";"+";"-";"-";"Cette terre a une certaine fertilité";"~"
"102";"+";"-";"-";"+";"-";"+";"-";"-";"-";"-";"+";"-";"-";"-";"-";"-";"-";"-";"-";"-";"-";"-";"ferveur";"-";"-";"-";"+";"+";"-";"-";"-";"+";"+";"-";"-";"+";"+";"+";"+";"-";"-";"Max a une certaine ferveur à la prière";"~"
"103";"+";"-";"-";"+";"-";"-";"-";"-";"-";"-";"+";"-";"-";"-";"-";"-";"-";"-";"-";"-";"-";"-";"fidélité";"-";"-";"-";"+";"+";"+";"-";"-";"+";"+";"-";"-";"-";"+";"+";"+";"-";"+";"~";"Max a de la fidélité à l'opération de Léa"
"104";"+";"-";"-";"+";"-";"+";"+";"+";"-";"-";"+";"+";"-";"-";"+";"-";"-";"-";"+";"+";"-";"-";"fierté";"-";"-";"-";"+";"+";"-";"-";"-";"+";"+";"-";"-";"+";"+";"+";"+";"-";"-";"~";"Max a de la fierté à conduire sa Rolls"
"105";"+";"-";"-";"+";"-";"-";"+";"+";"-";"-";"+";"-";"+";"+";"-";"-";"-";"-";"-";"-";"-";"-";"fixation";"-";"-";"-";"+";"+";"-";"-";"-";"+";"-";"-";"-";"+";"+";"+";"+";"-";"-";"~";"~"
"106";"+";"-";"-";"+";"-";"-";"+";"+";"-";"-";"+";"+";"-";"-";"-";"-";"-";"-";"-";"-";"-";"-";"formation";"-";"-";"-";"+";"+";"-";"-";"-";"-";"+";"-";"-";"+";"-";"+";"+";"-";"+";"~";"~"
"107";"+";"-";"-";"+";"-";"+";"+";"+";"-";"-";"+";"-";"-";"-";"-";"-";"-";"-";"-";"-";"-";"-";"frénésie";"-";"-";"-";"+";"+";"-";"-";"-";"+";"+";"-";"-";"+";"+";"+";"+";"-";"-";"~";"~"
"108";"+";"-";"-";"+";"+";"-";"+";"+";"-";"-";"+";"+";"-";"-";"+";"-";"-";"-";"+";"+";"-";"-";"fun";"-";"+";"+";"+";"+";"-";"-";"-";"+";"-";"-";"+";"+";"+";"+";"+";"-";"-";"~";"~"
"109";"+";"-";"-";"+";"+";"+";"-";"-";"-";"-";"+";"+";"-";"-";"-";"-";"-";"-";"-";"-";"-";"-";"gêne";"-";"-";"-";"+";"+";"-";"-";"-";"+";"-";"-";"-";"+";"+";"+";"+";"-";"-";"~";"~"
"110";"+";"-";"-";"+";"-";"+";"+";"+";"-";"-";"+";"-";"-";"-";"+";"-";"-";"-";"-";"-";"-";"-";"habileté";"-";"-";"-";"+";"+";"-";"-";"-";"+";"-";"-";"-";"+";"+";"+";"+";"-";"+";"~";"~"
"111";"+";"-";"-";"+";"-";"-";"+";"+";"+";"-";"+";"-";"-";"+";"-";"-";"-";"-";"-";"-";"-";"-";"habilitation";"-";"-";"-";"+";"+";"-";"-";"-";"+";"-";"-";"-";"-";"+";"+";"-";"+";"+";"~";"~"
"112";"+";"-";"-";"+";"-";"-";"+";"+";"-";"-";"+";"-";"-";"-";"+";"-";"-";"-";"-";"-";"-";"-";"habitude";"-";"-";"-";"+";"+";"-";"-";"-";"+";"-";"-";"-";"-";"+";"+";"+";"-";"+";"~";"~"
"113";"+";"-";"-";"+";"-";"+";"+";"+";"-";"-";"+";"-";"-";"-";"-";"-";"-";"-";"-";"-";"+";"+";"haie";"-";"+";"+";"+";"+";"-";"-";"-";"+";"-";"-";"-";"-";"+";"+";"+";"-";"-";"~";"~"
"114";"+";"-";"-";"+";"-";"-";"-";"-";"+";"-";"+";"-";"+";"-";"+";"-";"-";"-";"-";"-";"-";"-";"hésitation";"-";"-";"-";"+";"+";"-";"-";"-";"+";"-";"-";"-";"+";"+";"+";"+";"-";"+";"~";"~"
"115";"+";"-";"-";"+";"-";"-";"-";"-";"-";"-";"+";"-";"-";"-";"-";"-";"-";"-";"+";"-";"+";"-";"honte";"-";"-";"-";"+";"+";"-";"-";"-";"-";"-";"-";"-";"-";"+";"+";"+";"-";"-";"~";"~"
"116";"+";"-";"-";"+";"-";"-";"-";"-";"-";"-";"+";"-";"-";"-";"-";"-";"-";"-";"-";"-";"-";"-";"hostilité";"-";"+";"-";"+";"+";"-";"-";"+";"+";"-";"+";"-";"-";"+";"+";"+";"-";"+";"~";"~"
"117";"+";"-";"-";"+";"-";"-";"-";"-";"+";"-";"+";"-";"-";"+";"-";"-";"-";"-";"-";"-";"-";"-";"humeur";"-";"-";"-";"+";"+";"-";"-";"-";"+";"-";"-";"-";"-";"+";"-";"-";"-";"-";"~";"~"
"118";"+";"-";"-";"+";"-";"+";"-";"-";"-";"-";"+";"-";"-";"-";"+";"-";"-";"-";"-";"-";"-";"-";"impatience";"-";"+";"-";"+";"+";"-";"-";"-";"+";"-";"-";"-";"-";"+";"+";"+";"-";"-";"~";"~"
"119";"-";"+";"+";"+";"-";"-";"+";"+";"-";"-";"+";"+";"-";"-";"-";"-";"-";"-";"-";"-";"-";"-";"imperméabilité";"+";"-";"-";"+";"+";"-";"+";"+";"+";"-";"+";"-";"-";"+";"+";"+";"-";"+";"~";"~"
"120";"+";"+";"-";"+";"-";"-";"-";"-";"-";"-";"+";"+";"-";"-";"+";"-";"-";"-";"-";"-";"-";"-";"impuissance";"-";"-";"-";"+";"+";"-";"-";"-";"+";"-";"+";"-";"+";"+";"+";"+";"-";"-";"~";"~"
"121";"+";"-";"-";"+";"+";"-";"+";"+";"-";"-";"+";"-";"-";"-";"+";"-";"-";"-";"-";"-";"-";"-";"impulsion";"-";"-";"-";"+";"+";"-";"-";"-";"+";"+";"-";"-";"+";"+";"+";"+";"-";"-";"~";"~"
"122";"+";"-";"-";"+";"-";"-";"-";"-";"-";"-";"+";"-";"-";"-";"-";"-";"-";"-";"-";"-";"-";"-";"inaccessibilité";"-";"-";"-";"+";"+";"+";"-";"-";"+";"-";"-";"-";"-";"+";"+";"-";"+";"+";"~";"~"
"123";"+";"-";"-";"+";"-";"-";"-";"-";"-";"-";"+";"-";"-";"-";"-";"-";"-";"-";"-";"-";"-";"-";"inaptitude";"-";"-";"-";"+";"+";"-";"-";"-";"+";"-";"-";"-";"+";"+";"+";"+";"-";"+";"~";"~"
"124";"+";"-";"-";"+";"-";"+";"-";"-";"-";"-";"+";"-";"-";"-";"+";"-";"-";"-";"-";"-";"-";"-";"incapacité";"-";"-";"-";"+";"+";"-";"-";"-";"+";"+";"-";"-";"+";"+";"+";"+";"-";"-";"~";"~"
"125";"+";"-";"-";"+";"+";"-";"-";"-";"+";"-";"+";"-";"+";"+";"-";"+";"-";"-";"-";"-";"-";"-";"incitation";"-";"-";"-";"+";"+";"-";"-";"-";"+";"-";"-";"-";"-";"-";"+";"-";"+";"+";"~";"~"
"126";"+";"-";"-";"+";"-";"-";"-";"-";"+";"-";"+";"-";"+";"+";"-";"-";"-";"-";"-";"-";"-";"-";"inclination";"-";"-";"-";"+";"+";"-";"-";"-";"+";"+";"-";"-";"-";"+";"+";"+";"-";"-";"~";"~"
"127";"+";"-";"-";"+";"-";"+";"-";"-";"-";"-";"+";"+";"-";"-";"+";"-";"-";"-";"-";"-";"-";"-";"incompétence";"-";"-";"-";"+";"+";"-";"-";"-";"+";"+";"-";"-";"+";"+";"+";"+";"-";"-";"~";"~"
"128";"+";"-";"-";"+";"-";"+";"-";"-";"-";"-";"+";"+";"-";"-";"-";"-";"-";"-";"-";"-";"-";"-";"indifférence";"-";"-";"-";"+";"+";"-";"-";"-";"+";"+";"-";"-";"-";"+";"+";"+";"-";"+";"~";"~"
"129";"+";"-";"-";"+";"-";"+";"-";"-";"-";"-";"+";"+";"-";"-";"-";"-";"-";"-";"-";"-";"-";"-";"indocilité";"-";"-";"-";"+";"+";"-";"-";"-";"+";"-";"-";"-";"+";"+";"+";"+";"-";"+";"~";"~"
"130";"+";"-";"-";"+";"-";"-";"-";"-";"-";"-";"+";"-";"-";"-";"+";"-";"-";"-";"-";"-";"-";"-";"infidélité";"-";"-";"-";"+";"-";"+";"-";"-";"+";"-";"-";"-";"+";"-";"+";"+";"-";"+";"~";"~"
"131";"+";"-";"-";"+";"-";"+";"+";"+";"-";"-";"+";"+";"-";"-";"+";"-";"-";"-";"-";"-";"-";"-";"ingéniosité";"-";"-";"-";"+";"+";"-";"-";"-";"+";"+";"-";"-";"+";"+";"+";"+";"-";"-";"~";"~"
"132";"+";"-";"-";"+";"+";"-";"+";"+";"+";"-";"+";"-";"-";"+";"-";"+";"-";"-";"-";"-";"-";"-";"initiation";"-";"-";"-";"+";"+";"-";"-";"-";"+";"-";"-";"-";"+";"-";"+";"-";"+";"+";"~";"~"
"133";"+";"-";"-";"+";"-";"-";"-";"-";"-";"+";"-";"+";"-";"-";"-";"-";"-";"-";"-";"-";"-";"-";"insensibilisation";"+";"+";"-";"+";"+";"+";"+";"+";"+";"-";"-";"-";"-";"+";"+";"+";"-";"+";"~";"~"
"134";"+";"-";"-";"+";"-";"+";"-";"-";"-";"-";"+";"+";"-";"-";"+";"-";"-";"-";"-";"-";"-";"-";"insensibilité";"-";"-";"-";"+";"+";"+";"+";"-";"+";"-";"-";"-";"+";"+";"+";"+";"-";"+";"~";"~"
"135";"+";"-";"-";"+";"-";"-";"-";"-";"-";"-";"+";"-";"-";"-";"-";"-";"-";"-";"-";"-";"-";"-";"insistance";"-";"+";"-";"+";"+";"-";"-";"-";"+";"-";"-";"-";"-";"+";"+";"+";"-";"+";"~";"~"
"136";"+";"+";"-";"+";"-";"+";"+";"+";"+";"-";"+";"-";"+";"-";"+";"-";"-";"-";"+";"-";"+";"-";"intérêt";"-";"+";"+";"+";"+";"-";"-";"-";"+";"+";"-";"-";"+";"+";"+";"+";"+";"+";"~";"~"
"137";"+";"-";"-";"+";"-";"+";"-";"-";"-";"-";"+";"-";"-";"-";"-";"-";"-";"-";"-";"-";"-";"-";"intolérance";"-";"-";"-";"+";"-";"-";"+";"-";"+";"+";"-";"-";"-";"+";"+";"+";"-";"-";"~";"~"
"138";"+";"-";"-";"+";"+";"-";"-";"-";"+";"+";"+";"+";"-";"-";"-";"-";"-";"-";"-";"-";"-";"-";"intoxication";"-";"-";"-";"+";"-";"-";"+";"-";"+";"-";"-";"-";"-";"-";"+";"+";"+";"+";"~";"~"
"139";"+";"-";"-";"+";"+";"-";"-";"-";"+";"+";"+";"+";"+";"+";"+";"+";"-";"-";"-";"-";"-";"-";"invitation";"-";"-";"-";"+";"+";"-";"-";"-";"+";"-";"-";"-";"-";"-";"+";"-";"+";"+";"~";"~"
"140";"+";"-";"-";"+";"-";"+";"+";"+";"-";"-";"+";"-";"-";"-";"+";"-";"-";"-";"-";"-";"-";"-";"jouissance";"-";"+";"+";"+";"+";"-";"-";"-";"+";"-";"-";"+";"+";"+";"+";"+";"-";"-";"~";"~"
"141";"+";"-";"-";"+";"-";"-";"+";"+";"+";"-";"+";"+";"-";"-";"+";"-";"-";"-";"-";"-";"-";"-";"justification";"+";"+";"-";"+";"+";"-";"-";"+";"+";"-";"-";"-";"+";"+";"+";"+";"-";"-";"~";"~"
"142";"+";"+";"-";"+";"-";"+";"-";"-";"-";"-";"+";"-";"-";"-";"-";"-";"-";"-";"+";"-";"-";"-";"lenteur";"-";"-";"-";"+";"+";"-";"-";"-";"+";"-";"-";"-";"+";"+";"+";"+";"-";"-";"~";"~"
"143";"+";"+";"-";"+";"+";"-";"-";"-";"+";"-";"+";"+";"-";"-";"-";"-";"-";"-";"-";"-";"-";"-";"limitation";"-";"-";"-";"+";"+";"-";"-";"-";"+";"-";"-";"-";"-";"+";"+";"-";"+";"+";"~";"~"
"144";"+";"+";"-";"+";"-";"-";"+";"-";"-";"-";"+";"-";"-";"-";"-";"-";"-";"-";"+";"+";"-";"-";"mal";"-";"-";"-";"+";"+";"-";"-";"-";"+";"-";"-";"+";"+";"-";"-";"-";"-";"-";"~";"~"
"145";"+";"-";"-";"+";"-";"+";"-";"-";"-";"-";"+";"-";"-";"-";"+";"-";"-";"-";"-";"-";"-";"-";"maladresse";"-";"-";"-";"-";"+";"-";"-";"-";"+";"-";"-";"-";"+";"+";"+";"+";"-";"+";"~";"~"
"146";"+";"-";"-";"+";"+";"+";"+";"-";"+";"-";"+";"-";"-";"-";"+";"-";"-";"-";"-";"-";"-";"-";"malaise";"-";"-";"-";"+";"+";"-";"-";"-";"+";"-";"-";"+";"+";"+";"+";"+";"-";"-";"~";"~"
"147";"+";"-";"-";"+";"+";"+";"+";"+";"-";"-";"-";"-";"-";"-";"+";"-";"-";"-";"+";"-";"+";"+";"mauvaise grâce";"-";"-";"-";"+";"+";"-";"-";"-";"+";"-";"-";"-";"-";"-";"+";"+";"-";"-";"~";"~"
"148";"+";"-";"-";"+";"-";"-";"+";"-";"+";"-";"+";"-";"+";"-";"+";"-";"-";"-";"+";"+";"-";"-";"mérite";"-";"-";"-";"+";"+";"-";"-";"-";"+";"-";"-";"-";"+";"+";"+";"-";"+";"-";"~";"~"
"149";"+";"+";"-";"+";"+";"-";"+";"-";"-";"-";"+";"-";"-";"-";"-";"-";"-";"-";"+";"+";"-";"-";"misère";"-";"-";"-";"+";"+";"-";"-";"-";"+";"-";"-";"+";"+";"+";"-";"-";"-";"-";"~";"~"
"150";"+";"-";"-";"+";"+";"-";"+";"+";"+";"-";"+";"-";"+";"-";"-";"-";"-";"-";"-";"-";"+";"-";"motif";"-";"-";"-";"-";"+";"-";"-";"-";"+";"+";"-";"-";"-";"-";"+";"-";"+";"+";"~";"~"
"151";"+";"-";"-";"+";"-";"-";"+";"+";"+";"-";"+";"-";"-";"-";"+";"+";"-";"-";"-";"-";"-";"-";"motivation";"-";"-";"-";"+";"+";"-";"-";"-";"+";"+";"-";"-";"+";"+";"+";"-";"+";"+";"~";"~"
"152";"+";"-";"-";"+";"-";"+";"-";"-";"-";"-";"+";"+";"-";"-";"+";"-";"-";"-";"+";"+";"-";"-";"négligence";"-";"-";"-";"+";"+";"-";"-";"-";"+";"-";"-";"-";"+";"+";"+";"+";"-";"+";"~";"~"
"153";"+";"-";"-";"+";"+";"-";"-";"-";"+";"-";"+";"-";"-";"-";"-";"+";"+";"-";"-";"-";"-";"-";"nomination";"-";"-";"-";"+";"-";"-";"+";"-";"+";"-";"-";"-";"-";"-";"+";"-";"+";"+";"~";"~"
"154";"+";"-";"-";"+";"-";"-";"-";"-";"-";"-";"+";"+";"-";"-";"+";"-";"-";"-";"-";"-";"-";"-";"obéissance";"-";"-";"-";"+";"+";"+";"-";"-";"+";"-";"-";"-";"-";"+";"+";"+";"-";"+";"~";"~"
"155";"+";"-";"-";"+";"-";"-";"-";"-";"-";"-";"+";"+";"+";"-";"-";"-";"-";"-";"-";"-";"+";"-";"objection";"-";"+";"-";"+";"-";"-";"-";"-";"+";"-";"+";"-";"-";"+";"+";"+";"-";"-";"~";"~"
"156";"+";"-";"-";"+";"+";"-";"+";"+";"-";"-";"+";"-";"-";"-";"+";"-";"-";"-";"-";"-";"-";"-";"obligation";"-";"-";"-";"+";"+";"-";"-";"-";"+";"-";"-";"-";"-";"+";"+";"-";"+";"+";"~";"~"
"157";"+";"-";"-";"+";"-";"+";"-";"-";"-";"-";"-";"-";"-";"-";"-";"-";"-";"-";"+";"-";"-";"-";"obstination";"-";"-";"-";"+";"+";"-";"-";"-";"+";"-";"-";"-";"+";"+";"+";"+";"-";"+";"~";"~"
"158";"+";"-";"-";"+";"-";"-";"-";"-";"-";"-";"-";"-";"-";"+";"-";"-";"-";"-";"-";"-";"-";"-";"oeil";"-";"+";"-";"+";"-";"-";"-";"-";"-";"-";"-";"-";"-";"-";"-";"-";"-";"-";"~";"~"
"159";"+";"-";"-";"+";"-";"+";"+";"+";"-";"-";"+";"+";"-";"-";"-";"-";"-";"-";"+";"-";"-";"-";"opiniâtreté";"-";"+";"-";"-";"+";"-";"-";"-";"+";"-";"+";"+";"+";"+";"+";"+";"-";"+";"~";"~"
"160";"+";"-";"-";"+";"-";"+";"-";"-";"-";"-";"+";"-";"-";"-";"-";"+";"-";"-";"-";"-";"-";"-";"opposition";"-";"+";"-";"+";"+";"+";"-";"+";"+";"-";"+";"+";"-";"+";"+";"+";"-";"+";"~";"~"
"161";"+";"-";"-";"+";"-";"-";"+";"+";"-";"-";"+";"-";"-";"-";"-";"-";"-";"-";"-";"-";"-";"-";"orientation";"-";"-";"-";"+";"+";"-";"-";"-";"+";"-";"-";"-";"+";"+";"+";"+";"-";"-";"~";"~"
"162";"+";"-";"-";"+";"-";"-";"+";"+";"+";"-";"+";"-";"+";"-";"-";"-";"-";"-";"-";"-";"-";"-";"palliatif";"+";"-";"-";"+";"-";"-";"+";"+";"+";"+";"+";"-";"-";"+";"+";"-";"+";"-";"~";"~"
"163";"+";"-";"-";"+";"-";"-";"+";"+";"+";"-";"+";"-";"-";"-";"-";"-";"-";"-";"-";"-";"-";"-";"panacée";"+";"-";"-";"+";"-";"-";"+";"+";"+";"+";"+";"-";"-";"+";"+";"-";"+";"-";"~";"~"
"164";"+";"-";"-";"+";"+";"-";"-";"-";"-";"-";"+";"-";"-";"-";"-";"-";"-";"-";"-";"-";"+";"-";"part";"-";"-";"-";"+";"-";"-";"+";"-";"+";"-";"-";"-";"-";"-";"-";"-";"-";"-";"~";"~"
"165";"+";"-";"-";"+";"+";"-";"+";"-";"-";"-";"+";"-";"-";"-";"-";"+";"-";"-";"-";"-";"-";"-";"participation";"-";"-";"-";"+";"+";"-";"-";"-";"+";"-";"-";"+";"+";"+";"+";"+";"-";"-";"~";"~"
"166";"+";"+";"-";"+";"+";"-";"+";"-";"-";"-";"+";"-";"-";"-";"-";"-";"-";"-";"+";"-";"+";"-";"peine";"-";"-";"-";"-";"+";"-";"-";"-";"-";"-";"-";"-";"-";"+";"-";"-";"-";"-";"~";"~"
"167";"+";"-";"-";"+";"-";"+";"-";"-";"+";"-";"+";"-";"-";"-";"-";"-";"-";"-";"-";"-";"-";"-";"penchant";"-";"-";"-";"+";"+";"-";"-";"-";"+";"+";"-";"-";"-";"+";"+";"+";"-";"-";"~";"~"
"168";"+";"-";"-";"+";"-";"+";"+";"-";"-";"-";"+";"-";"-";"-";"-";"-";"-";"-";"+";"-";"-";"-";"perméabilité";"+";"+";"-";"+";"-";"+";"+";"+";"+";"-";"-";"-";"-";"+";"+";"+";"-";"+";"~";"~"
"169";"+";"-";"-";"+";"+";"-";"+";"-";"-";"-";"+";"+";"-";"+";"+";"+";"-";"+";"-";"-";"-";"-";"permission";"-";"-";"-";"-";"+";"-";"-";"-";"-";"-";"-";"-";"-";"+";"+";"-";"+";"-";"~";"~"
"170";"+";"-";"-";"+";"-";"+";"+";"+";"-";"-";"+";"+";"-";"-";"+";"-";"-";"-";"+";"-";"-";"-";"persévérance";"-";"-";"-";"+";"+";"-";"-";"-";"+";"-";"-";"-";"+";"+";"+";"+";"-";"+";"~";"~"
"171";"+";"-";"-";"+";"-";"+";"+";"+";"-";"-";"+";"-";"-";"-";"+";"-";"-";"-";"+";"-";"+";"-";"persistance";"-";"-";"-";"-";"+";"-";"-";"-";"+";"-";"-";"-";"+";"+";"+";"+";"-";"+";"~";"~"
"172";"+";"-";"-";"+";"+";"+";"+";"-";"-";"-";"+";"-";"-";"-";"+";"-";"-";"-";"+";"+";"+";"-";"plaisir";"-";"-";"-";"+";"+";"-";"-";"-";"+";"-";"-";"+";"+";"+";"+";"+";"-";"-";"~";"~"
"173";"+";"-";"-";"+";"+";"-";"+";"+";"-";"-";"+";"-";"-";"-";"-";"-";"-";"-";"-";"-";"-";"-";"poussée";"-";"-";"-";"+";"+";"-";"-";"-";"+";"-";"-";"-";"-";"+";"+";"+";"-";"+";"~";"~"
"174";"+";"+";"-";"+";"-";"-";"-";"-";"+";"-";"+";"-";"+";"+";"-";"-";"-";"-";"+";"-";"-";"-";"prédestination";"-";"-";"-";"+";"+";"+";"-";"-";"+";"+";"-";"-";"+";"+";"+";"+";"-";"+";"~";"~"
"175";"+";"-";"-";"+";"-";"+";"-";"-";"+";"-";"+";"-";"+";"+";"-";"-";"-";"-";"-";"-";"-";"-";"prédisposition";"-";"-";"-";"+";"+";"-";"-";"-";"+";"+";"-";"-";"-";"+";"+";"+";"-";"+";"~";"~"
"176";"+";"-";"-";"+";"-";"-";"+";"+";"-";"-";"+";"-";"+";"-";"+";"-";"-";"-";"-";"-";"-";"-";"prétention";"-";"+";"-";"+";"+";"+";"-";"-";"+";"-";"-";"-";"+";"+";"+";"+";"-";"-";"~";"~"
"177";"+";"-";"-";"+";"+";"-";"+";"+";"+";"-";"+";"-";"-";"-";"+";"-";"-";"-";"+";"-";"-";"-";"prétexte";"-";"-";"-";"+";"+";"-";"-";"-";"+";"+";"-";"-";"-";"-";"+";"-";"+";"-";"~";"~"
"178";"+";"-";"-";"+";"-";"+";"-";"-";"-";"-";"+";"-";"-";"-";"-";"-";"-";"-";"-";"-";"-";"-";"promptitude";"-";"-";"-";"+";"+";"-";"-";"-";"+";"-";"-";"-";"+";"+";"+";"+";"-";"+";"~";"~"
"179";"+";"-";"-";"+";"-";"+";"-";"-";"+";"-";"+";"-";"-";"-";"-";"-";"-";"-";"-";"-";"-";"-";"propension";"-";"-";"-";"+";"+";"-";"-";"-";"+";"+";"-";"-";"-";"+";"+";"+";"-";"-";"~";"~"
"180";"+";"-";"-";"+";"-";"+";"-";"-";"-";"-";"+";"-";"-";"-";"+";"-";"-";"-";"-";"-";"-";"-";"pudeur";"-";"-";"-";"+";"+";"-";"-";"-";"+";"-";"-";"-";"+";"+";"+";"+";"-";"-";"~";"~"
"181";"+";"-";"-";"+";"-";"-";"-";"-";"+";"-";"-";"-";"-";"-";"-";"-";"-";"-";"-";"-";"-";"-";"qualification";"-";"-";"-";"-";"+";"-";"-";"-";"-";"+";"-";"-";"+";"+";"+";"+";"-";"+";"~";"~"
"182";"-";"+";"+";"+";"-";"-";"-";"-";"-";"-";"-";"-";"-";"-";"-";"-";"-";"-";"-";"-";"+";"-";"rapport";"+";"-";"-";"+";"-";"+";"+";"+";"+";"-";"-";"+";"-";"-";"-";"-";"-";"-";"~";"~"
"183";"+";"-";"-";"+";"+";"-";"-";"-";"+";"+";"+";"+";"+";"-";"+";"-";"-";"-";"-";"-";"-";"-";"réaction";"+";"-";"-";"+";"+";"-";"+";"+";"+";"-";"+";"-";"-";"+";"+";"+";"-";"-";"~";"~"
"184";"+";"-";"-";"+";"+";"-";"-";"-";"-";"+";"-";"-";"-";"-";"+";"-";"-";"-";"-";"-";"+";"-";"recours";"-";"-";"-";"+";"-";"+";"+";"+";"+";"-";"+";"-";"-";"-";"-";"-";"-";"-";"~";"~"
"185";"+";"-";"-";"+";"-";"+";"+";"-";"-";"-";"+";"-";"-";"-";"+";"-";"-";"-";"+";"-";"-";"-";"regret";"-";"-";"-";"+";"+";"-";"-";"-";"+";"-";"-";"-";"-";"+";"+";"+";"-";"-";"~";"~"
"186";"+";"-";"-";"+";"-";"-";"+";"+";"+";"-";"+";"-";"-";"+";"-";"-";"-";"-";"-";"-";"+";"-";"remède";"+";"-";"-";"+";"+";"-";"+";"+";"+";"+";"+";"-";"-";"+";"+";"-";"+";"-";"~";"~"
"187";"+";"-";"-";"+";"+";"-";"+";"-";"+";"-";"+";"-";"+";"+";"-";"-";"-";"-";"-";"-";"-";"+";"réplique";"-";"-";"-";"+";"-";"-";"+";"-";"+";"-";"-";"-";"-";"-";"+";"-";"+";"-";"~";"~"
"188";"+";"+";"-";"+";"-";"-";"+";"+";"-";"+";"-";"+";"-";"-";"+";"+";"+";"-";"+";"+";"-";"+";"réponse";"-";"+";"+";"-";"+";"+";"+";"-";"-";"+";"+";"+";"+";"-";"-";"-";"+";"+";"~";"~"
"189";"+";"-";"-";"+";"-";"+";"-";"-";"-";"-";"+";"-";"-";"-";"-";"-";"-";"-";"+";"-";"+";"-";"répugnance";"-";"-";"-";"+";"+";"-";"-";"-";"+";"+";"-";"-";"+";"+";"+";"+";"-";"-";"~";"~"
"190";"+";"-";"-";"+";"-";"+";"+";"+";"-";"-";"+";"-";"-";"-";"-";"-";"-";"-";"+";"-";"-";"-";"répulsion";"-";"+";"-";"+";"+";"+";"+";"+";"+";"+";"-";"-";"+";"+";"+";"+";"-";"-";"~";"~"
"191";"+";"-";"-";"+";"+";"+";"-";"-";"-";"-";"+";"-";"-";"-";"-";"-";"-";"-";"-";"-";"-";"-";"résignation";"+";"+";"-";"+";"+";"-";"-";"+";"+";"-";"-";"-";"+";"+";"+";"+";"-";"+";"~";"~"
"192";"+";"-";"-";"+";"+";"+";"+";"+";"-";"-";"+";"-";"-";"-";"-";"-";"-";"-";"-";"-";"-";"-";"résistance";"-";"-";"-";"+";"+";"+";"+";"-";"+";"-";"+";"-";"-";"+";"+";"+";"-";"-";"~";"~"
"193";"+";"-";"-";"+";"-";"-";"-";"-";"-";"-";"+";"-";"-";"-";"-";"-";"-";"-";"-";"-";"-";"-";"restrictions";"-";"+";"-";"+";"+";"-";"-";"+";"-";"-";"-";"-";"-";"+";"+";"+";"-";"+";"~";"~"
"194";"+";"-";"-";"+";"-";"-";"+";"+";"-";"-";"+";"+";"-";"-";"-";"-";"-";"-";"+";"+";"-";"-";"retard";"-";"-";"-";"-";"+";"-";"-";"-";"+";"-";"-";"+";"+";"+";"+";"+";"-";"-";"~";"~"
"195";"+";"-";"-";"+";"+";"+";"-";"-";"+";"-";"+";"-";"+";"-";"-";"-";"-";"-";"+";"-";"-";"-";"réticence";"-";"-";"-";"+";"+";"-";"-";"-";"+";"+";"+";"-";"-";"+";"+";"+";"-";"+";"~";"~"
"196";"+";"-";"-";"+";"+";"+";"+";"-";"-";"-";"+";"-";"-";"-";"+";"-";"-";"-";"+";"-";"+";"-";"satisfaction";"-";"-";"-";"+";"+";"-";"-";"-";"+";"-";"-";"+";"+";"+";"+";"+";"+";"-";"~";"~"
"197";"+";"-";"-";"+";"+";"+";"+";"-";"-";"-";"+";"-";"+";"-";"-";"-";"-";"-";"-";"-";"+";"-";"scrupule";"-";"-";"-";"+";"+";"-";"-";"-";"+";"-";"-";"-";"-";"+";"+";"+";"-";"-";"~";"~"
"198";"+";"-";"-";"+";"+";"-";"-";"-";"+";"-";"+";"-";"-";"-";"-";"-";"-";"-";"-";"-";"-";"-";"sensibilisation";"+";"-";"-";"+";"-";"+";"+";"+";"+";"-";"-";"-";"-";"+";"+";"-";"+";"+";"~";"~"
"199";"+";"+";"-";"+";"-";"+";"+";"+";"-";"-";"+";"-";"-";"-";"-";"-";"-";"-";"-";"-";"-";"-";"sensibilité";"-";"+";"-";"+";"-";"+";"+";"-";"+";"+";"-";"-";"-";"+";"+";"+";"-";"+";"~";"~"
"200";"+";"-";"-";"+";"+";"-";"-";"-";"+";"-";"+";"-";"+";"+";"+";"+";"-";"-";"-";"-";"-";"-";"sollicitation";"-";"-";"-";"-";"+";"-";"-";"-";"+";"-";"-";"-";"-";"+";"+";"-";"+";"+";"~";"~"
"201";"+";"-";"-";"+";"+";"-";"+";"+";"+";"-";"+";"-";"-";"+";"-";"-";"-";"-";"-";"-";"-";"-";"solution";"+";"-";"-";"+";"-";"-";"+";"+";"+";"+";"-";"-";"-";"+";"+";"-";"+";"-";"~";"~"
"202";"+";"-";"-";"+";"-";"+";"-";"-";"-";"-";"+";"-";"-";"-";"-";"-";"-";"-";"-";"-";"-";"-";"soumission";"-";"+";"-";"+";"+";"+";"-";"-";"+";"-";"-";"-";"+";"+";"+";"+";"-";"+";"~";"~"
"203";"+";"-";"-";"+";"-";"+";"+";"-";"-";"-";"+";"-";"-";"-";"-";"-";"-";"-";"+";"-";"-";"-";"spontanéité";"-";"-";"-";"+";"+";"-";"-";"-";"+";"-";"-";"-";"+";"+";"+";"+";"+";"-";"~";"~"
"204";"+";"-";"-";"+";"+";"-";"-";"-";"-";"-";"+";"-";"-";"-";"-";"+";"-";"-";"-";"-";"-";"-";"stimulation";"-";"-";"-";"+";"+";"-";"-";"-";"+";"-";"-";"-";"+";"+";"+";"+";"-";"-";"~";"~"
"205";"+";"-";"-";"+";"+";"-";"-";"-";"-";"-";"+";"+";"-";"-";"-";"-";"-";"-";"+";"+";"-";"-";"succès";"-";"-";"-";"+";"+";"-";"-";"-";"+";"-";"-";"+";"+";"+";"+";"+";"-";"-";"~";"~"
"206";"+";"-";"-";"+";"-";"+";"-";"-";"-";"-";"+";"+";"-";"-";"+";"-";"-";"-";"-";"-";"-";"-";"talent";"-";"-";"-";"+";"+";"-";"-";"-";"+";"+";"-";"-";"+";"+";"+";"+";"-";"-";"~";"~"
"207";"+";"+";"+";"+";"-";"+";"+";"+";"+";"-";"+";"-";"-";"+";"-";"-";"-";"-";"-";"-";"+";"-";"tendance";"-";"-";"-";"+";"+";"-";"-";"-";"+";"-";"-";"-";"-";"+";"+";"+";"-";"-";"~";"~"
"208";"+";"-";"-";"+";"-";"-";"-";"-";"-";"-";"+";"-";"-";"+";"-";"-";"-";"-";"-";"-";"-";"-";"tête";"-";"-";"-";"+";"+";"-";"-";"-";"+";"-";"-";"-";"-";"-";"-";"-";"-";"-";"~";"~"
"209";"+";"+";"-";"+";"-";"+";"-";"-";"-";"-";"+";"-";"-";"-";"-";"-";"-";"-";"+";"-";"-";"-";"tolérance";"-";"-";"-";"+";"-";"-";"+";"-";"+";"+";"-";"-";"+";"-";"+";"+";"-";"-";"~";"~"
"210";"+";"-";"-";"+";"-";"-";"+";"-";"+";"-";"-";"-";"-";"+";"-";"-";"-";"-";"-";"-";"-";"-";"tournure d'esprit";"+";"+";"+";"+";"+";"-";"-";"-";"-";"-";"-";"-";"-";"-";"-";"-";"-";"-";"~";"~"
"211";"-";"+";"+";"+";"-";"-";"-";"-";"-";"-";"-";"-";"-";"-";"-";"-";"-";"-";"-";"-";"+";"-";"trait";"+";"-";"-";"+";"-";"+";"+";"+";"+";"-";"-";"-";"-";"-";"-";"-";"-";"-";"~";"~"
"212";"+";"-";"-";"+";"+";"-";"-";"-";"-";"-";"-";"-";"-";"+";"+";"-";"-";"-";"-";"-";"-";"-";"trempe";"-";"-";"-";"+";"+";"-";"-";"-";"-";"-";"-";"-";"-";"-";"-";"-";"-";"-";"~";"~"
"213";"+";"-";"-";"+";"-";"-";"+";"-";"-";"-";"+";"-";"-";"+";"-";"-";"-";"+";"-";"-";"-";"-";"vocation";"-";"-";"-";"+";"+";"-";"-";"-";"+";"+";"-";"-";"+";"+";"+";"-";"+";"-";"~";"~"
"214";"+";"-";"-";"+";"-";"+";"-";"-";"-";"-";"+";"-";"-";"-";"-";"-";"-";"-";"-";"-";"-";"-";"zèle";"-";"-";"-";"+";"+";"-";"-";"-";"+";"-";"-";"-";"+";"+";"+";"+";"-";"-";"~";"~"
