"<ID>";"N0 =: Nhum";"N0 =: N-hum";"<ENT>N";"Prép1";"autre Det";"Det =: un";"Det =: un-Modif";"Det =: du";"Det =: des";"N1 =: Nhum";"N1 =: N-hum";"N0 et N1 faire Det N";"GN =: le N entre N0 et N1";"il y avoir Det N W";"Exemple Autre1";;;;;;;;;;;;;;;;;;;;;;;;;;;;;;;;;;;;;;;;;;;;;;;;;;;;;;;;;;;;;;;;;;;;;;;;;;;;;;;;;;;;;;;;;;;;;;;;;;;;;;;;;;;;;;;;;;;;;;;;;;;;;;;;;;;;;;;;;;;;;;;;;;;;;;;;;;;;;;;;;;;;;;;;;;;;;;;;;;;;;;;;;;;;;;;;;;;;;;;;;;;;;;;;;;;;;;;;;;;;;;;;;;;;;;;;;;;;;;;;
"1";"+";"+";"aller et retour";"Loc";"le";"+";"+";"-";"+";"+";"+";"-";"-";"-";"~";;;;;;;;;;;;;;;;;;;;;;;;;;;;;;;;;;;;;;;;;;;;;;;;;;;;;;;;;;;;;;;;;;;;;;;;;;;;;;;;;;;;;;;;;;;;;;;;;;;;;;;;;;;;;;;;;;;;;;;;;;;;;;;;;;;;;;;;;;;;;;;;;;;;;;;;;;;;;;;;;;;;;;;;;;;;;;;;;;;;;;;;;;;;;;;;;;;;;;;;;;;;;;;;;;;;;;;;;;;;;;;;;;
"2";"+";"-";"aller simple";"Loc";"le";"+";"+";"-";"-";"+";"+";"-";"-";"-";"~";;;;;;;;;;;;;;;;;;;;;;;;;;;;;;;;;;;;;;;;;;;;;;;;;;;;;;;;;;;;;;;;;;;;;;;;;;;;;;;;;;;;;;;;;;;;;;;;;;;;;;;;;;;;;;;;;;;;;;;;;;;;;;;;;;;;;;;;;;;;;;;;;;;;;;;;;;;;;;;;;;;;;;;;;;;;;;;;;;;;;;;;;;;;;;;;;;;;;;;;;;;;;;;;;;;;;;;;;;;;;;;;;;
"3";"+";"-";"allusion";"à";"<E>";"+";"+";"-";"+";"+";"+";"-";"-";"+";"~";;;;;;;;;;;;;;;;;;;;;;;;;;;;;;;;;;;;;;;;;;;;;;;;;;;;;;;;;;;;;;;;;;;;;;;;;;;;;;;;;;;;;;;;;;;;;;;;;;;;;;;;;;;;;;;;;;;;;;;;;;;;;;;;;;;;;;;;;;;;;;;;;;;;;;;;;;;;;;;;;;;;;;;;;;;;;;;;;;;;;;;;;;;;;;;;;;;;;;;;;;;;;;;;;;;;;;;;;;;;;;;;;;
"4";"+";"-";"analogie";"entre";"-";"+";"+";"-";"+";"+";"+";"-";"-";"+";"~";;;;;;;;;;;;;;;;;;;;;;;;;;;;;;;;;;;;;;;;;;;;;;;;;;;;;;;;;;;;;;;;;;;;;;;;;;;;;;;;;;;;;;;;;;;;;;;;;;;;;;;;;;;;;;;;;;;;;;;;;;;;;;;;;;;;;;;;;;;;;;;;;;;;;;;;;;;;;;;;;;;;;;;;;;;;;;;;;;;;;;;;;;;;;;;;;;;;;;;;;;;;;;;;;;;;;;;;;;;;;;;;;;
"5";"+";"-";"analyse";"avec";"-";"+";"+";"-";"+";"+";"-";"-";"-";"+";"~";;;;;;;;;;;;;;;;;;;;;;;;;;;;;;;;;;;;;;;;;;;;;;;;;;;;;;;;;;;;;;;;;;;;;;;;;;;;;;;;;;;;;;;;;;;;;;;;;;;;;;;;;;;;;;;;;;;;;;;;;;;;;;;;;;;;;;;;;;;;;;;;;;;;;;;;;;;;;;;;;;;;;;;;;;;;;;;;;;;;;;;;;;;;;;;;;;;;;;;;;;;;;;;;;;;;;;;;;;;;;;;;;;
"6";"-";"+";"angle";"avec";"-";"+";"+";"-";"+";"-";"+";"+";"-";"+";"Cette droite fait un angle de 40 degrés avec l'hypothermie";;;;;;;;;;;;;;;;;;;;;;;;;;;;;;;;;;;;;;;;;;;;;;;;;;;;;;;;;;;;;;;;;;;;;;;;;;;;;;;;;;;;;;;;;;;;;;;;;;;;;;;;;;;;;;;;;;;;;;;;;;;;;;;;;;;;;;;;;;;;;;;;;;;;;;;;;;;;;;;;;;;;;;;;;;;;;;;;;;;;;;;;;;;;;;;;;;;;;;;;;;;;;;;;;;;;;;;;;;;;;;;;;;
"7";"+";"-";"antithèse";"entre";"la";"+";"+";"-";"+";"+";"+";"-";"-";"+";"~";;;;;;;;;;;;;;;;;;;;;;;;;;;;;;;;;;;;;;;;;;;;;;;;;;;;;;;;;;;;;;;;;;;;;;;;;;;;;;;;;;;;;;;;;;;;;;;;;;;;;;;;;;;;;;;;;;;;;;;;;;;;;;;;;;;;;;;;;;;;;;;;;;;;;;;;;;;;;;;;;;;;;;;;;;;;;;;;;;;;;;;;;;;;;;;;;;;;;;;;;;;;;;;;;;;;;;;;;;;;;;;;;;
"8";"+";"-";"apparition";"Loc";"-";"+";"+";"-";"+";"+";"+";"-";"-";"-";"~";;;;;;;;;;;;;;;;;;;;;;;;;;;;;;;;;;;;;;;;;;;;;;;;;;;;;;;;;;;;;;;;;;;;;;;;;;;;;;;;;;;;;;;;;;;;;;;;;;;;;;;;;;;;;;;;;;;;;;;;;;;;;;;;;;;;;;;;;;;;;;;;;;;;;;;;;;;;;;;;;;;;;;;;;;;;;;;;;;;;;;;;;;;;;;;;;;;;;;;;;;;;;;;;;;;;;;;;;;;;;;;;;;
"9";"+";"-";"apprêts";"pour";"-";"-";"-";"-";"+";"-";"+";"-";"-";"+";"~";;;;;;;;;;;;;;;;;;;;;;;;;;;;;;;;;;;;;;;;;;;;;;;;;;;;;;;;;;;;;;;;;;;;;;;;;;;;;;;;;;;;;;;;;;;;;;;;;;;;;;;;;;;;;;;;;;;;;;;;;;;;;;;;;;;;;;;;;;;;;;;;;;;;;;;;;;;;;;;;;;;;;;;;;;;;;;;;;;;;;;;;;;;;;;;;;;;;;;;;;;;;;;;;;;;;;;;;;;;;;;;;;;
"10";"+";"-";"arabesque";"Loc";"-";"+";"+";"-";"+";"-";"+";"-";"-";"+";"~";;;;;;;;;;;;;;;;;;;;;;;;;;;;;;;;;;;;;;;;;;;;;;;;;;;;;;;;;;;;;;;;;;;;;;;;;;;;;;;;;;;;;;;;;;;;;;;;;;;;;;;;;;;;;;;;;;;;;;;;;;;;;;;;;;;;;;;;;;;;;;;;;;;;;;;;;;;;;;;;;;;;;;;;;;;;;;;;;;;;;;;;;;;;;;;;;;;;;;;;;;;;;;;;;;;;;;;;;;;;;;;;;;
"11";"+";"-";"article";"sur";"-";"+";"+";"-";"+";"+";"+";"-";"-";"+";"~";;;;;;;;;;;;;;;;;;;;;;;;;;;;;;;;;;;;;;;;;;;;;;;;;;;;;;;;;;;;;;;;;;;;;;;;;;;;;;;;;;;;;;;;;;;;;;;;;;;;;;;;;;;;;;;;;;;;;;;;;;;;;;;;;;;;;;;;;;;;;;;;;;;;;;;;;;;;;;;;;;;;;;;;;;;;;;;;;;;;;;;;;;;;;;;;;;;;;;;;;;;;;;;;;;;;;;;;;;;;;;;;;;
"12";"+";"-";"autodafé";"de";"-";"+";"+";"-";"+";"-";"+";"-";"-";"+";"~";;;;;;;;;;;;;;;;;;;;;;;;;;;;;;;;;;;;;;;;;;;;;;;;;;;;;;;;;;;;;;;;;;;;;;;;;;;;;;;;;;;;;;;;;;;;;;;;;;;;;;;;;;;;;;;;;;;;;;;;;;;;;;;;;;;;;;;;;;;;;;;;;;;;;;;;;;;;;;;;;;;;;;;;;;;;;;;;;;;;;;;;;;;;;;;;;;;;;;;;;;;;;;;;;;;;;;;;;;;;;;;;;;
"13";"+";"-";"ballet";"avec";"-";"+";"+";"-";"+";"+";"-";"+";"+";"+";"~";;;;;;;;;;;;;;;;;;;;;;;;;;;;;;;;;;;;;;;;;;;;;;;;;;;;;;;;;;;;;;;;;;;;;;;;;;;;;;;;;;;;;;;;;;;;;;;;;;;;;;;;;;;;;;;;;;;;;;;;;;;;;;;;;;;;;;;;;;;;;;;;;;;;;;;;;;;;;;;;;;;;;;;;;;;;;;;;;;;;;;;;;;;;;;;;;;;;;;;;;;;;;;;;;;;;;;;;;;;;;;;;;;
"14";"+";"-";"barre";"Loc";"-";"+";"+";"-";"+";"-";"+";"-";"-";"+";"Max a fait une barre sur (le t+cette ligne)";;;;;;;;;;;;;;;;;;;;;;;;;;;;;;;;;;;;;;;;;;;;;;;;;;;;;;;;;;;;;;;;;;;;;;;;;;;;;;;;;;;;;;;;;;;;;;;;;;;;;;;;;;;;;;;;;;;;;;;;;;;;;;;;;;;;;;;;;;;;;;;;;;;;;;;;;;;;;;;;;;;;;;;;;;;;;;;;;;;;;;;;;;;;;;;;;;;;;;;;;;;;;;;;;;;;;;;;;;;;;;;;;;
"15";"+";"-";"bas-relief";"Loc";"-";"+";"+";"-";"+";"-";"+";"-";"-";"+";"~";;;;;;;;;;;;;;;;;;;;;;;;;;;;;;;;;;;;;;;;;;;;;;;;;;;;;;;;;;;;;;;;;;;;;;;;;;;;;;;;;;;;;;;;;;;;;;;;;;;;;;;;;;;;;;;;;;;;;;;;;;;;;;;;;;;;;;;;;;;;;;;;;;;;;;;;;;;;;;;;;;;;;;;;;;;;;;;;;;;;;;;;;;;;;;;;;;;;;;;;;;;;;;;;;;;;;;;;;;;;;;;;;;
"16";"+";"-";"bataille";"avec";"-";"+";"+";"-";"+";"+";"-";"+";"+";"+";"~";;;;;;;;;;;;;;;;;;;;;;;;;;;;;;;;;;;;;;;;;;;;;;;;;;;;;;;;;;;;;;;;;;;;;;;;;;;;;;;;;;;;;;;;;;;;;;;;;;;;;;;;;;;;;;;;;;;;;;;;;;;;;;;;;;;;;;;;;;;;;;;;;;;;;;;;;;;;;;;;;;;;;;;;;;;;;;;;;;;;;;;;;;;;;;;;;;;;;;;;;;;;;;;;;;;;;;;;;;;;;;;;;;
"17";"+";"-";"battage";"sur";"-";"-";"+";"+";"-";"-";"+";"-";"-";"+";"~";;;;;;;;;;;;;;;;;;;;;;;;;;;;;;;;;;;;;;;;;;;;;;;;;;;;;;;;;;;;;;;;;;;;;;;;;;;;;;;;;;;;;;;;;;;;;;;;;;;;;;;;;;;;;;;;;;;;;;;;;;;;;;;;;;;;;;;;;;;;;;;;;;;;;;;;;;;;;;;;;;;;;;;;;;;;;;;;;;;;;;;;;;;;;;;;;;;;;;;;;;;;;;;;;;;;;;;;;;;;;;;;;;
"18";"+";"-";"battue";"Loc";"-";"+";"+";"-";"+";"+";"+";"-";"-";"+";"~";;;;;;;;;;;;;;;;;;;;;;;;;;;;;;;;;;;;;;;;;;;;;;;;;;;;;;;;;;;;;;;;;;;;;;;;;;;;;;;;;;;;;;;;;;;;;;;;;;;;;;;;;;;;;;;;;;;;;;;;;;;;;;;;;;;;;;;;;;;;;;;;;;;;;;;;;;;;;;;;;;;;;;;;;;;;;;;;;;;;;;;;;;;;;;;;;;;;;;;;;;;;;;;;;;;;;;;;;;;;;;;;;;
"19";"+";"-";"bénéfice";"sur";"-";"+";"+";"+";"+";"-";"+";"-";"-";"+";"~";;;;;;;;;;;;;;;;;;;;;;;;;;;;;;;;;;;;;;;;;;;;;;;;;;;;;;;;;;;;;;;;;;;;;;;;;;;;;;;;;;;;;;;;;;;;;;;;;;;;;;;;;;;;;;;;;;;;;;;;;;;;;;;;;;;;;;;;;;;;;;;;;;;;;;;;;;;;;;;;;;;;;;;;;;;;;;;;;;;;;;;;;;;;;;;;;;;;;;;;;;;;;;;;;;;;;;;;;;;;;;;;;;
"20";"+";"-";"beuverie";"avec";"-";"+";"+";"-";"+";"+";"-";"+";"-";"+";"~";;;;;;;;;;;;;;;;;;;;;;;;;;;;;;;;;;;;;;;;;;;;;;;;;;;;;;;;;;;;;;;;;;;;;;;;;;;;;;;;;;;;;;;;;;;;;;;;;;;;;;;;;;;;;;;;;;;;;;;;;;;;;;;;;;;;;;;;;;;;;;;;;;;;;;;;;;;;;;;;;;;;;;;;;;;;;;;;;;;;;;;;;;;;;;;;;;;;;;;;;;;;;;;;;;;;;;;;;;;;;;;;;;
"21";"+";"-";"black-out";"sur";"le";"-";"+";"-";"-";"-";"+";"-";"-";"+";"Ils ont fait le blackout sur cette affaire";;;;;;;;;;;;;;;;;;;;;;;;;;;;;;;;;;;;;;;;;;;;;;;;;;;;;;;;;;;;;;;;;;;;;;;;;;;;;;;;;;;;;;;;;;;;;;;;;;;;;;;;;;;;;;;;;;;;;;;;;;;;;;;;;;;;;;;;;;;;;;;;;;;;;;;;;;;;;;;;;;;;;;;;;;;;;;;;;;;;;;;;;;;;;;;;;;;;;;;;;;;;;;;;;;;;;;;;;;;;;;;;;;
"22";"+";"-";"boutonnière";"Loc";"-";"+";"+";"-";"+";"-";"+";"-";"-";"+";"~";;;;;;;;;;;;;;;;;;;;;;;;;;;;;;;;;;;;;;;;;;;;;;;;;;;;;;;;;;;;;;;;;;;;;;;;;;;;;;;;;;;;;;;;;;;;;;;;;;;;;;;;;;;;;;;;;;;;;;;;;;;;;;;;;;;;;;;;;;;;;;;;;;;;;;;;;;;;;;;;;;;;;;;;;;;;;;;;;;;;;;;;;;;;;;;;;;;;;;;;;;;;;;;;;;;;;;;;;;;;;;;;;;
"23";"+";"-";"bridge";"avec";"-";"+";"+";"+";"+";"+";"-";"+";"-";"+";"~";;;;;;;;;;;;;;;;;;;;;;;;;;;;;;;;;;;;;;;;;;;;;;;;;;;;;;;;;;;;;;;;;;;;;;;;;;;;;;;;;;;;;;;;;;;;;;;;;;;;;;;;;;;;;;;;;;;;;;;;;;;;;;;;;;;;;;;;;;;;;;;;;;;;;;;;;;;;;;;;;;;;;;;;;;;;;;;;;;;;;;;;;;;;;;;;;;;;;;;;;;;;;;;;;;;;;;;;;;;;;;;;;;
"24";"+";"+";"brouillamini";"Loc";"-";"-";"+";"+";"-";"+";"+";"-";"-";"+";"~";;;;;;;;;;;;;;;;;;;;;;;;;;;;;;;;;;;;;;;;;;;;;;;;;;;;;;;;;;;;;;;;;;;;;;;;;;;;;;;;;;;;;;;;;;;;;;;;;;;;;;;;;;;;;;;;;;;;;;;;;;;;;;;;;;;;;;;;;;;;;;;;;;;;;;;;;;;;;;;;;;;;;;;;;;;;;;;;;;;;;;;;;;;;;;;;;;;;;;;;;;;;;;;;;;;;;;;;;;;;;;;;;;
"25";"+";"-";"butin";"de";"-";"+";"+";"+";"-";"-";"+";"-";"-";"+";"Les pilleurs font du butin dans la ville";;;;;;;;;;;;;;;;;;;;;;;;;;;;;;;;;;;;;;;;;;;;;;;;;;;;;;;;;;;;;;;;;;;;;;;;;;;;;;;;;;;;;;;;;;;;;;;;;;;;;;;;;;;;;;;;;;;;;;;;;;;;;;;;;;;;;;;;;;;;;;;;;;;;;;;;;;;;;;;;;;;;;;;;;;;;;;;;;;;;;;;;;;;;;;;;;;;;;;;;;;;;;;;;;;;;;;;;;;;;;;;;;;
"26";"+";"-";"cabale";"avec";"-";"+";"+";"-";"+";"+";"-";"+";"+";"+";"Luc monte une cabale contre Max";;;;;;;;;;;;;;;;;;;;;;;;;;;;;;;;;;;;;;;;;;;;;;;;;;;;;;;;;;;;;;;;;;;;;;;;;;;;;;;;;;;;;;;;;;;;;;;;;;;;;;;;;;;;;;;;;;;;;;;;;;;;;;;;;;;;;;;;;;;;;;;;;;;;;;;;;;;;;;;;;;;;;;;;;;;;;;;;;;;;;;;;;;;;;;;;;;;;;;;;;;;;;;;;;;;;;;;;;;;;;;;;;;
"27";"+";"+";"cacophonie";"avec";"-";"+";"+";"-";"-";"+";"+";"+";"-";"+";"~";;;;;;;;;;;;;;;;;;;;;;;;;;;;;;;;;;;;;;;;;;;;;;;;;;;;;;;;;;;;;;;;;;;;;;;;;;;;;;;;;;;;;;;;;;;;;;;;;;;;;;;;;;;;;;;;;;;;;;;;;;;;;;;;;;;;;;;;;;;;;;;;;;;;;;;;;;;;;;;;;;;;;;;;;;;;;;;;;;;;;;;;;;;;;;;;;;;;;;;;;;;;;;;;;;;;;;;;;;;;;;;;;;
"28";"+";"-";"campagne";"contre";"<E>";"+";"+";"-";"+";"+";"+";"-";"-";"+";"Max fait campagne (pour+contre) le bruit";;;;;;;;;;;;;;;;;;;;;;;;;;;;;;;;;;;;;;;;;;;;;;;;;;;;;;;;;;;;;;;;;;;;;;;;;;;;;;;;;;;;;;;;;;;;;;;;;;;;;;;;;;;;;;;;;;;;;;;;;;;;;;;;;;;;;;;;;;;;;;;;;;;;;;;;;;;;;;;;;;;;;;;;;;;;;;;;;;;;;;;;;;;;;;;;;;;;;;;;;;;;;;;;;;;;;;;;;;;;;;;;;;
"29";"+";"-";"campagne";"sur";"<E>";"+";"+";"-";"+";"-";"+";"-";"-";"+";"~";;;;;;;;;;;;;;;;;;;;;;;;;;;;;;;;;;;;;;;;;;;;;;;;;;;;;;;;;;;;;;;;;;;;;;;;;;;;;;;;;;;;;;;;;;;;;;;;;;;;;;;;;;;;;;;;;;;;;;;;;;;;;;;;;;;;;;;;;;;;;;;;;;;;;;;;;;;;;;;;;;;;;;;;;;;;;;;;;;;;;;;;;;;;;;;;;;;;;;;;;;;;;;;;;;;;;;;;;;;;;;;;;;
"30";"+";"+";"carnage";"Loc";"-";"-";"+";"+";"-";"+";"+";"-";"-";"+";"Max a fait un carnage affreux au 9 étages";;;;;;;;;;;;;;;;;;;;;;;;;;;;;;;;;;;;;;;;;;;;;;;;;;;;;;;;;;;;;;;;;;;;;;;;;;;;;;;;;;;;;;;;;;;;;;;;;;;;;;;;;;;;;;;;;;;;;;;;;;;;;;;;;;;;;;;;;;;;;;;;;;;;;;;;;;;;;;;;;;;;;;;;;;;;;;;;;;;;;;;;;;;;;;;;;;;;;;;;;;;;;;;;;;;;;;;;;;;;;;;;;;
"31";"+";"-";"carnaval";"avec";"le";"+";"+";"-";"-";"+";"-";"+";"-";"+";"~";;;;;;;;;;;;;;;;;;;;;;;;;;;;;;;;;;;;;;;;;;;;;;;;;;;;;;;;;;;;;;;;;;;;;;;;;;;;;;;;;;;;;;;;;;;;;;;;;;;;;;;;;;;;;;;;;;;;;;;;;;;;;;;;;;;;;;;;;;;;;;;;;;;;;;;;;;;;;;;;;;;;;;;;;;;;;;;;;;;;;;;;;;;;;;;;;;;;;;;;;;;;;;;;;;;;;;;;;;;;;;;;;;
"32";"+";"-";"carrière";"Loc";"-";"-";"+";"-";"-";"+";"+";"-";"-";"-";"~";;;;;;;;;;;;;;;;;;;;;;;;;;;;;;;;;;;;;;;;;;;;;;;;;;;;;;;;;;;;;;;;;;;;;;;;;;;;;;;;;;;;;;;;;;;;;;;;;;;;;;;;;;;;;;;;;;;;;;;;;;;;;;;;;;;;;;;;;;;;;;;;;;;;;;;;;;;;;;;;;;;;;;;;;;;;;;;;;;;;;;;;;;;;;;;;;;;;;;;;;;;;;;;;;;;;;;;;;;;;;;;;;;
"33";"+";"+";"carrousel";"avec";"-";"+";"+";"-";"+";"+";"+";"+";"+";"+";"~";;;;;;;;;;;;;;;;;;;;;;;;;;;;;;;;;;;;;;;;;;;;;;;;;;;;;;;;;;;;;;;;;;;;;;;;;;;;;;;;;;;;;;;;;;;;;;;;;;;;;;;;;;;;;;;;;;;;;;;;;;;;;;;;;;;;;;;;;;;;;;;;;;;;;;;;;;;;;;;;;;;;;;;;;;;;;;;;;;;;;;;;;;;;;;;;;;;;;;;;;;;;;;;;;;;;;;;;;;;;;;;;;;
"34";"+";"-";"cartel";"avec";"-";"+";"+";"-";"+";"+";"-";"+";"-";"+";"~";;;;;;;;;;;;;;;;;;;;;;;;;;;;;;;;;;;;;;;;;;;;;;;;;;;;;;;;;;;;;;;;;;;;;;;;;;;;;;;;;;;;;;;;;;;;;;;;;;;;;;;;;;;;;;;;;;;;;;;;;;;;;;;;;;;;;;;;;;;;;;;;;;;;;;;;;;;;;;;;;;;;;;;;;;;;;;;;;;;;;;;;;;;;;;;;;;;;;;;;;;;;;;;;;;;;;;;;;;;;;;;;;;
"35";"+";"-";"carton";"sur";"-";"+";"+";"-";"+";"+";"-";"-";"-";"-";"Max a fait un carton sur Luc";;;;;;;;;;;;;;;;;;;;;;;;;;;;;;;;;;;;;;;;;;;;;;;;;;;;;;;;;;;;;;;;;;;;;;;;;;;;;;;;;;;;;;;;;;;;;;;;;;;;;;;;;;;;;;;;;;;;;;;;;;;;;;;;;;;;;;;;;;;;;;;;;;;;;;;;;;;;;;;;;;;;;;;;;;;;;;;;;;;;;;;;;;;;;;;;;;;;;;;;;;;;;;;;;;;;;;;;;;;;;;;;;;
"36";"+";"-";"casse-croûte";"de";"-";"+";"+";"-";"+";"-";"+";"-";"-";"+";"~";;;;;;;;;;;;;;;;;;;;;;;;;;;;;;;;;;;;;;;;;;;;;;;;;;;;;;;;;;;;;;;;;;;;;;;;;;;;;;;;;;;;;;;;;;;;;;;;;;;;;;;;;;;;;;;;;;;;;;;;;;;;;;;;;;;;;;;;;;;;;;;;;;;;;;;;;;;;;;;;;;;;;;;;;;;;;;;;;;;;;;;;;;;;;;;;;;;;;;;;;;;;;;;;;;;;;;;;;;;;;;;;;;
"37";"+";"-";"causerie";"avec";"-";"+";"+";"-";"+";"+";"-";"+";"+";"+";"Max a fait une causerie sur le bilinguisme";;;;;;;;;;;;;;;;;;;;;;;;;;;;;;;;;;;;;;;;;;;;;;;;;;;;;;;;;;;;;;;;;;;;;;;;;;;;;;;;;;;;;;;;;;;;;;;;;;;;;;;;;;;;;;;;;;;;;;;;;;;;;;;;;;;;;;;;;;;;;;;;;;;;;;;;;;;;;;;;;;;;;;;;;;;;;;;;;;;;;;;;;;;;;;;;;;;;;;;;;;;;;;;;;;;;;;;;;;;;;;;;;;
"38";"+";"-";"causette";"avec";"la";"+";"+";"-";"+";"+";"-";"+";"+";"+";"Max fait la causette avec Marie";;;;;;;;;;;;;;;;;;;;;;;;;;;;;;;;;;;;;;;;;;;;;;;;;;;;;;;;;;;;;;;;;;;;;;;;;;;;;;;;;;;;;;;;;;;;;;;;;;;;;;;;;;;;;;;;;;;;;;;;;;;;;;;;;;;;;;;;;;;;;;;;;;;;;;;;;;;;;;;;;;;;;;;;;;;;;;;;;;;;;;;;;;;;;;;;;;;;;;;;;;;;;;;;;;;;;;;;;;;;;;;;;;
"39";"+";"-";"cérémonie";"pour";"-";"+";"+";"-";"+";"+";"+";"-";"-";"+";"~";;;;;;;;;;;;;;;;;;;;;;;;;;;;;;;;;;;;;;;;;;;;;;;;;;;;;;;;;;;;;;;;;;;;;;;;;;;;;;;;;;;;;;;;;;;;;;;;;;;;;;;;;;;;;;;;;;;;;;;;;;;;;;;;;;;;;;;;;;;;;;;;;;;;;;;;;;;;;;;;;;;;;;;;;;;;;;;;;;;;;;;;;;;;;;;;;;;;;;;;;;;;;;;;;;;;;;;;;;;;;;;;;;
"40";"+";"-";"césure";"Loc";"-";"+";"+";"-";"+";"-";"+";"-";"-";"+";"Hugo a fait une césure (dans ce vers+au 11ème pied)";;;;;;;;;;;;;;;;;;;;;;;;;;;;;;;;;;;;;;;;;;;;;;;;;;;;;;;;;;;;;;;;;;;;;;;;;;;;;;;;;;;;;;;;;;;;;;;;;;;;;;;;;;;;;;;;;;;;;;;;;;;;;;;;;;;;;;;;;;;;;;;;;;;;;;;;;;;;;;;;;;;;;;;;;;;;;;;;;;;;;;;;;;;;;;;;;;;;;;;;;;;;;;;;;;;;;;;;;;;;;;;;;;
"41";"+";"+";"chambard";"Loc";"-";"-";"+";"+";"-";"+";"+";"-";"-";"+";"~";;;;;;;;;;;;;;;;;;;;;;;;;;;;;;;;;;;;;;;;;;;;;;;;;;;;;;;;;;;;;;;;;;;;;;;;;;;;;;;;;;;;;;;;;;;;;;;;;;;;;;;;;;;;;;;;;;;;;;;;;;;;;;;;;;;;;;;;;;;;;;;;;;;;;;;;;;;;;;;;;;;;;;;;;;;;;;;;;;;;;;;;;;;;;;;;;;;;;;;;;;;;;;;;;;;;;;;;;;;;;;;;;;
"42";"+";"-";"chanson";"sur";"-";"+";"+";"-";"+";"+";"+";"-";"-";"+";"~";;;;;;;;;;;;;;;;;;;;;;;;;;;;;;;;;;;;;;;;;;;;;;;;;;;;;;;;;;;;;;;;;;;;;;;;;;;;;;;;;;;;;;;;;;;;;;;;;;;;;;;;;;;;;;;;;;;;;;;;;;;;;;;;;;;;;;;;;;;;;;;;;;;;;;;;;;;;;;;;;;;;;;;;;;;;;;;;;;;;;;;;;;;;;;;;;;;;;;;;;;;;;;;;;;;;;;;;;;;;;;;;;;
"43";"+";"-";"charge";"contre";"-";"+";"+";"-";"+";"+";"+";"-";"-";"+";"~";;;;;;;;;;;;;;;;;;;;;;;;;;;;;;;;;;;;;;;;;;;;;;;;;;;;;;;;;;;;;;;;;;;;;;;;;;;;;;;;;;;;;;;;;;;;;;;;;;;;;;;;;;;;;;;;;;;;;;;;;;;;;;;;;;;;;;;;;;;;;;;;;;;;;;;;;;;;;;;;;;;;;;;;;;;;;;;;;;;;;;;;;;;;;;;;;;;;;;;;;;;;;;;;;;;;;;;;;;;;;;;;;;
"44";"+";"-";"chassé-croisé";"avec";"-";"+";"+";"+";"+";"+";"-";"+";"+";"+";"Max et Luc ont fait un chassé-croisé"
"45";"+";"-";"chemin";"entre";"-";"-";"+";"-";"-";"-";"+";"-";"-";"+";"~";;;;;;;;;;;;;;;;;;;;;;;;;;;;;;;;;;;;;;;;;;;;;;;;;;;;;;;;;;;;;;;;;;;;;;;;;;;;;;;;;;;;;;;;;;;;;;;;;;;;;;;;;;;;;;;;;;;;;;;;;;;;;;;;;;;;;;;;;;;;;;;;;;;;;;;;;;;;;;;;;;;;;;;;;;;;;;;;;;;;;;;;;;;;;;;;;;;;;;;;;;;;;;;;;;;;;;;;;;;;;;;;;;
"46";"-";"+";"chemin";"Loc";"Poss0";"-";"+";"+";"-";"-";"+";"-";"-";"-";"~";;;;;;;;;;;;;;;;;;;;;;;;;;;;;;;;;;;;;;;;;;;;;;;;;;;;;;;;;;;;;;;;;;;;;;;;;;;;;;;;;;;;;;;;;;;;;;;;;;;;;;;;;;;;;;;;;;;;;;;;;;;;;;;;;;;;;;;;;;;;;;;;;;;;;;;;;;;;;;;;;;;;;;;;;;;;;;;;;;;;;;;;;;;;;;;;;;;;;;;;;;;;;;;;;;;;;;;;;;;;;;;;;;
"47";"+";"-";"choeur";"avec";"-";"+";"+";"-";"-";"+";"-";"+";"-";"+";"~";;;;;;;;;;;;;;;;;;;;;;;;;;;;;;;;;;;;;;;;;;;;;;;;;;;;;;;;;;;;;;;;;;;;;;;;;;;;;;;;;;;;;;;;;;;;;;;;;;;;;;;;;;;;;;;;;;;;;;;;;;;;;;;;;;;;;;;;;;;;;;;;;;;;;;;;;;;;;;;;;;;;;;;;;;;;;;;;;;;;;;;;;;;;;;;;;;;;;;;;;;;;;;;;;;;;;;;;;;;;;;;;;;
"48";"+";"+";"circuit";"Loc";"-";"+";"+";"-";"+";"+";"+";"-";"-";"+";"Max a fait un circuit de 4 km pour faire ses courses";;;;;;;;;;;;;;;;;;;;;;;;;;;;;;;;;;;;;;;;;;;;;;;;;;;;;;;;;;;;;;;;;;;;;;;;;;;;;;;;;;;;;;;;;;;;;;;;;;;;;;;;;;;;;;;;;;;;;;;;;;;;;;;;;;;;;;;;;;;;;;;;;;;;;;;;;;;;;;;;;;;;;;;;;;;;;;;;;;;;;;;;;;;;;;;;;;;;;;;;;;;;;;;;;;;;;;;;;;;;;;;;;;
"49";"+";"-";"circulaire";"sur";"-";"+";"+";"-";"+";"-";"+";"-";"-";"+";"Max (fait+reçoit) une circulaire sur ce sujet";;;;;;;;;;;;;;;;;;;;;;;;;;;;;;;;;;;;;;;;;;;;;;;;;;;;;;;;;;;;;;;;;;;;;;;;;;;;;;;;;;;;;;;;;;;;;;;;;;;;;;;;;;;;;;;;;;;;;;;;;;;;;;;;;;;;;;;;;;;;;;;;;;;;;;;;;;;;;;;;;;;;;;;;;;;;;;;;;;;;;;;;;;;;;;;;;;;;;;;;;;;;;;;;;;;;;;;;;;;;;;;;;;
"50";"+";"-";"clivage";"entre";"le";"+";"+";"-";"+";"+";"+";"-";"-";"+";"~";;;;;;;;;;;;;;;;;;;;;;;;;;;;;;;;;;;;;;;;;;;;;;;;;;;;;;;;;;;;;;;;;;;;;;;;;;;;;;;;;;;;;;;;;;;;;;;;;;;;;;;;;;;;;;;;;;;;;;;;;;;;;;;;;;;;;;;;;;;;;;;;;;;;;;;;;;;;;;;;;;;;;;;;;;;;;;;;;;;;;;;;;;;;;;;;;;;;;;;;;;;;;;;;;;;;;;;;;;;;;;;;;;
"51";"+";"-";"coche";"Loc";"-";"+";"+";"-";"+";"-";"+";"-";"-";"+";"Max a fait une coche dans ce bâton";;;;;;;;;;;;;;;;;;;;;;;;;;;;;;;;;;;;;;;;;;;;;;;;;;;;;;;;;;;;;;;;;;;;;;;;;;;;;;;;;;;;;;;;;;;;;;;;;;;;;;;;;;;;;;;;;;;;;;;;;;;;;;;;;;;;;;;;;;;;;;;;;;;;;;;;;;;;;;;;;;;;;;;;;;;;;;;;;;;;;;;;;;;;;;;;;;;;;;;;;;;;;;;;;;;;;;;;;;;;;;;;;;
"52";"+";"-";"collaboration";"avec";"-";"-";"+";"+";"-";"+";"-";"-";"-";"+";"~";;;;;;;;;;;;;;;;;;;;;;;;;;;;;;;;;;;;;;;;;;;;;;;;;;;;;;;;;;;;;;;;;;;;;;;;;;;;;;;;;;;;;;;;;;;;;;;;;;;;;;;;;;;;;;;;;;;;;;;;;;;;;;;;;;;;;;;;;;;;;;;;;;;;;;;;;;;;;;;;;;;;;;;;;;;;;;;;;;;;;;;;;;;;;;;;;;;;;;;;;;;;;;;;;;;;;;;;;;;;;;;;;;
"53";"+";"-";"collation";"de";"-";"+";"+";"-";"+";"-";"+";"-";"-";"+";"~";;;;;;;;;;;;;;;;;;;;;;;;;;;;;;;;;;;;;;;;;;;;;;;;;;;;;;;;;;;;;;;;;;;;;;;;;;;;;;;;;;;;;;;;;;;;;;;;;;;;;;;;;;;;;;;;;;;;;;;;;;;;;;;;;;;;;;;;;;;;;;;;;;;;;;;;;;;;;;;;;;;;;;;;;;;;;;;;;;;;;;;;;;;;;;;;;;;;;;;;;;;;;;;;;;;;;;;;;;;;;;;;;;
"54";"+";"-";"colloque";"avec";"-";"+";"+";"-";"+";"+";"-";"+";"+";"+";"Luc a (fait+organisé) un colloque sur cette question";;;;;;;;;;;;;;;;;;;;;;;;;;;;;;;;;;;;;;;;;;;;;;;;;;;;;;;;;;;;;;;;;;;;;;;;;;;;;;;;;;;;;;;;;;;;;;;;;;;;;;;;;;;;;;;;;;;;;;;;;;;;;;;;;;;;;;;;;;;;;;;;;;;;;;;;;;;;;;;;;;;;;;;;;;;;;;;;;;;;;;;;;;;;;;;;;;;;;;;;;;;;;;;;;;;;;;;;;;;;;;;;;;
"55";"+";"-";"confusion";"entre";"la";"+";"+";"-";"+";"+";"+";"-";"-";"+";"~";;;;;;;;;;;;;;;;;;;;;;;;;;;;;;;;;;;;;;;;;;;;;;;;;;;;;;;;;;;;;;;;;;;;;;;;;;;;;;;;;;;;;;;;;;;;;;;;;;;;;;;;;;;;;;;;;;;;;;;;;;;;;;;;;;;;;;;;;;;;;;;;;;;;;;;;;;;;;;;;;;;;;;;;;;;;;;;;;;;;;;;;;;;;;;;;;;;;;;;;;;;;;;;;;;;;;;;;;;;;;;;;;;
"56";"+";"-";"congrès";"avec";"-";"+";"+";"-";"+";"+";"-";"+";"+";"+";"~";;;;;;;;;;;;;;;;;;;;;;;;;;;;;;;;;;;;;;;;;;;;;;;;;;;;;;;;;;;;;;;;;;;;;;;;;;;;;;;;;;;;;;;;;;;;;;;;;;;;;;;;;;;;;;;;;;;;;;;;;;;;;;;;;;;;;;;;;;;;;;;;;;;;;;;;;;;;;;;;;;;;;;;;;;;;;;;;;;;;;;;;;;;;;;;;;;;;;;;;;;;;;;;;;;;;;;;;;;;;;;;;;;
"57";"+";"-";"consultation";"auprès de";"-";"+";"+";"-";"+";"+";"-";"-";"-";"+";"~";;;;;;;;;;;;;;;;;;;;;;;;;;;;;;;;;;;;;;;;;;;;;;;;;;;;;;;;;;;;;;;;;;;;;;;;;;;;;;;;;;;;;;;;;;;;;;;;;;;;;;;;;;;;;;;;;;;;;;;;;;;;;;;;;;;;;;;;;;;;;;;;;;;;;;;;;;;;;;;;;;;;;;;;;;;;;;;;;;;;;;;;;;;;;;;;;;;;;;;;;;;;;;;;;;;;;;;;;;;;;;;;;;
"58";"+";"-";"contre-enquête";"sur";"-";"+";"+";"-";"+";"+";"+";"-";"-";"+";"~";;;;;;;;;;;;;;;;;;;;;;;;;;;;;;;;;;;;;;;;;;;;;;;;;;;;;;;;;;;;;;;;;;;;;;;;;;;;;;;;;;;;;;;;;;;;;;;;;;;;;;;;;;;;;;;;;;;;;;;;;;;;;;;;;;;;;;;;;;;;;;;;;;;;;;;;;;;;;;;;;;;;;;;;;;;;;;;;;;;;;;;;;;;;;;;;;;;;;;;;;;;;;;;;;;;;;;;;;;;;;;;;;;
"59";"+";"-";"contre-offensive";"contre";"-";"+";"+";"-";"+";"+";"-";"-";"-";"+";"~";;;;;;;;;;;;;;;;;;;;;;;;;;;;;;;;;;;;;;;;;;;;;;;;;;;;;;;;;;;;;;;;;;;;;;;;;;;;;;;;;;;;;;;;;;;;;;;;;;;;;;;;;;;;;;;;;;;;;;;;;;;;;;;;;;;;;;;;;;;;;;;;;;;;;;;;;;;;;;;;;;;;;;;;;;;;;;;;;;;;;;;;;;;;;;;;;;;;;;;;;;;;;;;;;;;;;;;;;;;;;;;;;;
"60";"+";"-";"contre-propagande";"contre";"-";"-";"+";"+";"-";"+";"+";"-";"-";"+";"~";;;;;;;;;;;;;;;;;;;;;;;;;;;;;;;;;;;;;;;;;;;;;;;;;;;;;;;;;;;;;;;;;;;;;;;;;;;;;;;;;;;;;;;;;;;;;;;;;;;;;;;;;;;;;;;;;;;;;;;;;;;;;;;;;;;;;;;;;;;;;;;;;;;;;;;;;;;;;;;;;;;;;;;;;;;;;;;;;;;;;;;;;;;;;;;;;;;;;;;;;;;;;;;;;;;;;;;;;;;;;;;;;;
"61";"+";"-";"contresens";"sur";"-";"+";"+";"-";"+";"+";"+";"-";"-";"+";"~";;;;;;;;;;;;;;;;;;;;;;;;;;;;;;;;;;;;;;;;;;;;;;;;;;;;;;;;;;;;;;;;;;;;;;;;;;;;;;;;;;;;;;;;;;;;;;;;;;;;;;;;;;;;;;;;;;;;;;;;;;;;;;;;;;;;;;;;;;;;;;;;;;;;;;;;;;;;;;;;;;;;;;;;;;;;;;;;;;;;;;;;;;;;;;;;;;;;;;;;;;;;;;;;;;;;;;;;;;;;;;;;;;
"62";"+";"-";"contre-transfert";"sur";"-";"+";"+";"+";"-";"+";"-";"-";"-";"-";"~";;;;;;;;;;;;;;;;;;;;;;;;;;;;;;;;;;;;;;;;;;;;;;;;;;;;;;;;;;;;;;;;;;;;;;;;;;;;;;;;;;;;;;;;;;;;;;;;;;;;;;;;;;;;;;;;;;;;;;;;;;;;;;;;;;;;;;;;;;;;;;;;;;;;;;;;;;;;;;;;;;;;;;;;;;;;;;;;;;;;;;;;;;;;;;;;;;;;;;;;;;;;;;;;;;;;;;;;;;;;;;;;;;
"63";"+";"-";"couplet";"sur";"-";"+";"+";"-";"+";"+";"+";"-";"-";"+";"~";;;;;;;;;;;;;;;;;;;;;;;;;;;;;;;;;;;;;;;;;;;;;;;;;;;;;;;;;;;;;;;;;;;;;;;;;;;;;;;;;;;;;;;;;;;;;;;;;;;;;;;;;;;;;;;;;;;;;;;;;;;;;;;;;;;;;;;;;;;;;;;;;;;;;;;;;;;;;;;;;;;;;;;;;;;;;;;;;;;;;;;;;;;;;;;;;;;;;;;;;;;;;;;;;;;;;;;;;;;;;;;;;;
"64";"+";"-";"court-métrage";"sur";"-";"+";"+";"+";"+";"+";"+";"-";"-";"+";"~";;;;;;;;;;;;;;;;;;;;;;;;;;;;;;;;;;;;;;;;;;;;;;;;;;;;;;;;;;;;;;;;;;;;;;;;;;;;;;;;;;;;;;;;;;;;;;;;;;;;;;;;;;;;;;;;;;;;;;;;;;;;;;;;;;;;;;;;;;;;;;;;;;;;;;;;;;;;;;;;;;;;;;;;;;;;;;;;;;;;;;;;;;;;;;;;;;;;;;;;;;;;;;;;;;;;;;;;;;;;;;;;;;
"65";"+";"-";"crochet";"par";"-";"+";"+";"-";"+";"+";"+";"-";"-";"+";"~";;;;;;;;;;;;;;;;;;;;;;;;;;;;;;;;;;;;;;;;;;;;;;;;;;;;;;;;;;;;;;;;;;;;;;;;;;;;;;;;;;;;;;;;;;;;;;;;;;;;;;;;;;;;;;;;;;;;;;;;;;;;;;;;;;;;;;;;;;;;;;;;;;;;;;;;;;;;;;;;;;;;;;;;;;;;;;;;;;;;;;;;;;;;;;;;;;;;;;;;;;;;;;;;;;;;;;;;;;;;;;;;;;
"66";"+";"-";"croisade";"avec";"-";"+";"+";"-";"+";"+";"-";"+";"-";"+";"~";;;;;;;;;;;;;;;;;;;;;;;;;;;;;;;;;;;;;;;;;;;;;;;;;;;;;;;;;;;;;;;;;;;;;;;;;;;;;;;;;;;;;;;;;;;;;;;;;;;;;;;;;;;;;;;;;;;;;;;;;;;;;;;;;;;;;;;;;;;;;;;;;;;;;;;;;;;;;;;;;;;;;;;;;;;;;;;;;;;;;;;;;;;;;;;;;;;;;;;;;;;;;;;;;;;;;;;;;;;;;;;;;;
"67";"+";"-";"croisade";"contre";"-";"+";"+";"-";"+";"+";"+";"-";"-";"+";"~";;;;;;;;;;;;;;;;;;;;;;;;;;;;;;;;;;;;;;;;;;;;;;;;;;;;;;;;;;;;;;;;;;;;;;;;;;;;;;;;;;;;;;;;;;;;;;;;;;;;;;;;;;;;;;;;;;;;;;;;;;;;;;;;;;;;;;;;;;;;;;;;;;;;;;;;;;;;;;;;;;;;;;;;;;;;;;;;;;;;;;;;;;;;;;;;;;;;;;;;;;;;;;;;;;;;;;;;;;;;;;;;;;
"68";"+";"-";"croisière";"Loc";"-";"+";"+";"-";"+";"-";"+";"-";"-";"+";"Max fait une croisière en Grèce"
"69";"+";"-";"croix";"Loc";"-";"+";"+";"-";"+";"-";"+";"-";"-";"+";"Max fait une croix sur le registre";;;;;;;;;;;;;;;;;;;;;;;;;;;;;;;;;;;;;;;;;;;;;;;;;;;;;;;;;;;;;;;;;;;;;;;;;;;;;;;;;;;;;;;;;;;;;;;;;;;;;;;;;;;;;;;;;;;;;;;;;;;;;;;;;;;;;;;;;;;;;;;;;;;;;;;;;;;;;;;;;;;;;;;;;;;;;;;;;;;;;;;;;;;;;;;;;;;;;;;;;;;;;;;;;;;;;;;;;;;;;;;;;;
"70";"+";"-";"cure";"de";"-";"+";"+";"-";"+";"-";"+";"-";"-";"-";"~";;;;;;;;;;;;;;;;;;;;;;;;;;;;;;;;;;;;;;;;;;;;;;;;;;;;;;;;;;;;;;;;;;;;;;;;;;;;;;;;;;;;;;;;;;;;;;;;;;;;;;;;;;;;;;;;;;;;;;;;;;;;;;;;;;;;;;;;;;;;;;;;;;;;;;;;;;;;;;;;;;;;;;;;;;;;;;;;;;;;;;;;;;;;;;;;;;;;;;;;;;;;;;;;;;;;;;;;;;;;;;;;;;
"71";"+";"-";"découpe";"Loc";"-";"+";"+";"-";"+";"-";"+";"-";"-";"+";"Max a fait une grande découpe à ce chemisier";;;;;;;;;;;;;;;;;;;;;;;;;;;;;;;;;;;;;;;;;;;;;;;;;;;;;;;;;;;;;;;;;;;;;;;;;;;;;;;;;;;;;;;;;;;;;;;;;;;;;;;;;;;;;;;;;;;;;;;;;;;;;;;;;;;;;;;;;;;;;;;;;;;;;;;;;;;;;;;;;;;;;;;;;;;;;;;;;;;;;;;;;;;;;;;;;;;;;;;;;;;;;;;;;;;;;;;;;;;;;;;;;;
"72";"+";"-";"décret";"sur";"-";"+";"+";"-";"+";"+";"+";"-";"-";"+";"~";;;;;;;;;;;;;;;;;;;;;;;;;;;;;;;;;;;;;;;;;;;;;;;;;;;;;;;;;;;;;;;;;;;;;;;;;;;;;;;;;;;;;;;;;;;;;;;;;;;;;;;;;;;;;;;;;;;;;;;;;;;;;;;;;;;;;;;;;;;;;;;;;;;;;;;;;;;;;;;;;;;;;;;;;;;;;;;;;;;;;;;;;;;;;;;;;;;;;;;;;;;;;;;;;;;;;;;;;;;;;;;;;;
"73";"+";"-";"décret-loi";"sur";"-";"+";"+";"-";"+";"-";"+";"-";"-";"+";"~";;;;;;;;;;;;;;;;;;;;;;;;;;;;;;;;;;;;;;;;;;;;;;;;;;;;;;;;;;;;;;;;;;;;;;;;;;;;;;;;;;;;;;;;;;;;;;;;;;;;;;;;;;;;;;;;;;;;;;;;;;;;;;;;;;;;;;;;;;;;;;;;;;;;;;;;;;;;;;;;;;;;;;;;;;;;;;;;;;;;;;;;;;;;;;;;;;;;;;;;;;;;;;;;;;;;;;;;;;;;;;;;;;
"74";"+";"-";"dégradé";"Loc";"-";"+";"+";"-";"+";"-";"+";"-";"-";"+";"~";;;;;;;;;;;;;;;;;;;;;;;;;;;;;;;;;;;;;;;;;;;;;;;;;;;;;;;;;;;;;;;;;;;;;;;;;;;;;;;;;;;;;;;;;;;;;;;;;;;;;;;;;;;;;;;;;;;;;;;;;;;;;;;;;;;;;;;;;;;;;;;;;;;;;;;;;;;;;;;;;;;;;;;;;;;;;;;;;;;;;;;;;;;;;;;;;;;;;;;;;;;;;;;;;;;;;;;;;;;;;;;;;;
"75";"+";"-";"dégraissage";"Loc";"-";"+";"+";"+";"+";"+";"+";"-";"-";"+";"~";;;;;;;;;;;;;;;;;;;;;;;;;;;;;;;;;;;;;;;;;;;;;;;;;;;;;;;;;;;;;;;;;;;;;;;;;;;;;;;;;;;;;;;;;;;;;;;;;;;;;;;;;;;;;;;;;;;;;;;;;;;;;;;;;;;;;;;;;;;;;;;;;;;;;;;;;;;;;;;;;;;;;;;;;;;;;;;;;;;;;;;;;;;;;;;;;;;;;;;;;;;;;;;;;;;;;;;;;;;;;;;;;;
"76";"+";"-";"délation";"contre";"-";"-";"+";"+";"-";"+";"-";"-";"-";"+";"Max fait de la délation contre ses confrères";;;;;;;;;;;;;;;;;;;;;;;;;;;;;;;;;;;;;;;;;;;;;;;;;;;;;;;;;;;;;;;;;;;;;;;;;;;;;;;;;;;;;;;;;;;;;;;;;;;;;;;;;;;;;;;;;;;;;;;;;;;;;;;;;;;;;;;;;;;;;;;;;;;;;;;;;;;;;;;;;;;;;;;;;;;;;;;;;;;;;;;;;;;;;;;;;;;;;;;;;;;;;;;;;;;;;;;;;;;;;;;;;;
"77";"+";"-";"démarcation";"entre";"la";"+";"+";"-";"+";"+";"+";"-";"-";"+";"~";;;;;;;;;;;;;;;;;;;;;;;;;;;;;;;;;;;;;;;;;;;;;;;;;;;;;;;;;;;;;;;;;;;;;;;;;;;;;;;;;;;;;;;;;;;;;;;;;;;;;;;;;;;;;;;;;;;;;;;;;;;;;;;;;;;;;;;;;;;;;;;;;;;;;;;;;;;;;;;;;;;;;;;;;;;;;;;;;;;;;;;;;;;;;;;;;;;;;;;;;;;;;;;;;;;;;;;;;;;;;;;;;;
"78";"+";"-";"démarches";"auprès de";"-";"+";"+";"-";"+";"+";"-";"-";"-";"+";"Max fait des démarches auprès de Jean en faveur de Luc";;;;;;;;;;;;;;;;;;;;;;;;;;;;;;;;;;;;;;;;;;;;;;;;;;;;;;;;;;;;;;;;;;;;;;;;;;;;;;;;;;;;;;;;;;;;;;;;;;;;;;;;;;;;;;;;;;;;;;;;;;;;;;;;;;;;;;;;;;;;;;;;;;;;;;;;;;;;;;;;;;;;;;;;;;;;;;;;;;;;;;;;;;;;;;;;;;;;;;;;;;;;;;;;;;;;;;;;;;;;;;;;;;
"79";"+";"-";"demi-tour";"sur";"<E>";"+";"+";"-";"+";"+";"-";"-";"-";"-";"~";;;;;;;;;;;;;;;;;;;;;;;;;;;;;;;;;;;;;;;;;;;;;;;;;;;;;;;;;;;;;;;;;;;;;;;;;;;;;;;;;;;;;;;;;;;;;;;;;;;;;;;;;;;;;;;;;;;;;;;;;;;;;;;;;;;;;;;;;;;;;;;;;;;;;;;;;;;;;;;;;;;;;;;;;;;;;;;;;;;;;;;;;;;;;;;;;;;;;;;;;;;;;;;;;;;;;;;;;;;;;;;;;;
"80";"+";"-";"déplacement";"Loc";"-";"+";"+";"-";"+";"+";"+";"-";"-";"+";"Le président fait un déplacement en province";;;;;;;;;;;;;;;;;;;;;;;;;;;;;;;;;;;;;;;;;;;;;;;;;;;;;;;;;;;;;;;;;;;;;;;;;;;;;;;;;;;;;;;;;;;;;;;;;;;;;;;;;;;;;;;;;;;;;;;;;;;;;;;;;;;;;;;;;;;;;;;;;;;;;;;;;;;;;;;;;;;;;;;;;;;;;;;;;;;;;;;;;;;;;;;;;;;;;;;;;;;;;;;;;;;;;;;;;;;;;;;;;;
"81";"+";"-";"dépôt";"Loc";"-";"+";"+";"-";"+";"+";"+";"-";"-";"+";"Max fait un dépôt à la Banque";;;;;;;;;;;;;;;;;;;;;;;;;;;;;;;;;;;;;;;;;;;;;;;;;;;;;;;;;;;;;;;;;;;;;;;;;;;;;;;;;;;;;;;;;;;;;;;;;;;;;;;;;;;;;;;;;;;;;;;;;;;;;;;;;;;;;;;;;;;;;;;;;;;;;;;;;;;;;;;;;;;;;;;;;;;;;;;;;;;;;;;;;;;;;;;;;;;;;;;;;;;;;;;;;;;;;;;;;;;;;;;;;;
"82";"+";"-";"déprédations";"Loc";"-";"-";"-";"-";"+";"+";"+";"-";"-";"+";"~";;;;;;;;;;;;;;;;;;;;;;;;;;;;;;;;;;;;;;;;;;;;;;;;;;;;;;;;;;;;;;;;;;;;;;;;;;;;;;;;;;;;;;;;;;;;;;;;;;;;;;;;;;;;;;;;;;;;;;;;;;;;;;;;;;;;;;;;;;;;;;;;;;;;;;;;;;;;;;;;;;;;;;;;;;;;;;;;;;;;;;;;;;;;;;;;;;;;;;;;;;;;;;;;;;;;;;;;;;;;;;;;;;
"83";"+";"-";"dérogation";"à";"-";"+";"+";"-";"+";"-";"+";"-";"-";"+";"~";;;;;;;;;;;;;;;;;;;;;;;;;;;;;;;;;;;;;;;;;;;;;;;;;;;;;;;;;;;;;;;;;;;;;;;;;;;;;;;;;;;;;;;;;;;;;;;;;;;;;;;;;;;;;;;;;;;;;;;;;;;;;;;;;;;;;;;;;;;;;;;;;;;;;;;;;;;;;;;;;;;;;;;;;;;;;;;;;;;;;;;;;;;;;;;;;;;;;;;;;;;;;;;;;;;;;;;;;;;;;;;;;;
"84";"+";"-";"descente";"Loc";"-";"+";"+";"-";"+";"+";"+";"-";"-";"+";"~";;;;;;;;;;;;;;;;;;;;;;;;;;;;;;;;;;;;;;;;;;;;;;;;;;;;;;;;;;;;;;;;;;;;;;;;;;;;;;;;;;;;;;;;;;;;;;;;;;;;;;;;;;;;;;;;;;;;;;;;;;;;;;;;;;;;;;;;;;;;;;;;;;;;;;;;;;;;;;;;;;;;;;;;;;;;;;;;;;;;;;;;;;;;;;;;;;;;;;;;;;;;;;;;;;;;;;;;;;;;;;;;;;
"85";"+";"-";"détour";"par";"-";"+";"+";"-";"+";"+";"+";"-";"-";"+";"Max fait un détour par Florence";;;;;;;;;;;;;;;;;;;;;;;;;;;;;;;;;;;;;;;;;;;;;;;;;;;;;;;;;;;;;;;;;;;;;;;;;;;;;;;;;;;;;;;;;;;;;;;;;;;;;;;;;;;;;;;;;;;;;;;;;;;;;;;;;;;;;;;;;;;;;;;;;;;;;;;;;;;;;;;;;;;;;;;;;;;;;;;;;;;;;;;;;;;;;;;;;;;;;;;;;;;;;;;;;;;;;;;;;;;;;;;;;;
"86";"+";"-";"dichotomie";"entre";"-";"+";"+";"-";"+";"+";"+";"-";"-";"+";"~";;;;;;;;;;;;;;;;;;;;;;;;;;;;;;;;;;;;;;;;;;;;;;;;;;;;;;;;;;;;;;;;;;;;;;;;;;;;;;;;;;;;;;;;;;;;;;;;;;;;;;;;;;;;;;;;;;;;;;;;;;;;;;;;;;;;;;;;;;;;;;;;;;;;;;;;;;;;;;;;;;;;;;;;;;;;;;;;;;;;;;;;;;;;;;;;;;;;;;;;;;;;;;;;;;;;;;;;;;;;;;;;;;
"87";"+";"-";"diffa";"avec";"-";"+";"+";"-";"+";"+";"-";"+";"-";"+";"~";;;;;;;;;;;;;;;;;;;;;;;;;;;;;;;;;;;;;;;;;;;;;;;;;;;;;;;;;;;;;;;;;;;;;;;;;;;;;;;;;;;;;;;;;;;;;;;;;;;;;;;;;;;;;;;;;;;;;;;;;;;;;;;;;;;;;;;;;;;;;;;;;;;;;;;;;;;;;;;;;;;;;;;;;;;;;;;;;;;;;;;;;;;;;;;;;;;;;;;;;;;;;;;;;;;;;;;;;;;;;;;;;;
"88";"+";"-";"digression";"sur";"-";"+";"+";"-";"+";"+";"+";"-";"-";"+";"~";;;;;;;;;;;;;;;;;;;;;;;;;;;;;;;;;;;;;;;;;;;;;;;;;;;;;;;;;;;;;;;;;;;;;;;;;;;;;;;;;;;;;;;;;;;;;;;;;;;;;;;;;;;;;;;;;;;;;;;;;;;;;;;;;;;;;;;;;;;;;;;;;;;;;;;;;;;;;;;;;;;;;;;;;;;;;;;;;;;;;;;;;;;;;;;;;;;;;;;;;;;;;;;;;;;;;;;;;;;;;;;;;;
"89";"+";"-";"dinette";"avec";"la";"-";"+";"-";"-";"+";"-";"+";"-";"+";"Max fait la dinette avec Léa";;;;;;;;;;;;;;;;;;;;;;;;;;;;;;;;;;;;;;;;;;;;;;;;;;;;;;;;;;;;;;;;;;;;;;;;;;;;;;;;;;;;;;;;;;;;;;;;;;;;;;;;;;;;;;;;;;;;;;;;;;;;;;;;;;;;;;;;;;;;;;;;;;;;;;;;;;;;;;;;;;;;;;;;;;;;;;;;;;;;;;;;;;;;;;;;;;;;;;;;;;;;;;;;;;;;;;;;;;;;;;;;;;
"90";"+";"-";"distinguo";"entre";"-";"+";"+";"-";"+";"+";"+";"-";"-";"+";"~";;;;;;;;;;;;;;;;;;;;;;;;;;;;;;;;;;;;;;;;;;;;;;;;;;;;;;;;;;;;;;;;;;;;;;;;;;;;;;;;;;;;;;;;;;;;;;;;;;;;;;;;;;;;;;;;;;;;;;;;;;;;;;;;;;;;;;;;;;;;;;;;;;;;;;;;;;;;;;;;;;;;;;;;;;;;;;;;;;;;;;;;;;;;;;;;;;;;;;;;;;;;;;;;;;;;;;;;;;;;;;;;;;
"91";"+";"-";"doctorat";"en";"-";"+";"+";"-";"+";"-";"+";"-";"-";"+";"~";;;;;;;;;;;;;;;;;;;;;;;;;;;;;;;;;;;;;;;;;;;;;;;;;;;;;;;;;;;;;;;;;;;;;;;;;;;;;;;;;;;;;;;;;;;;;;;;;;;;;;;;;;;;;;;;;;;;;;;;;;;;;;;;;;;;;;;;;;;;;;;;;;;;;;;;;;;;;;;;;;;;;;;;;;;;;;;;;;;;;;;;;;;;;;;;;;;;;;;;;;;;;;;;;;;;;;;;;;;;;;;;;;
"92";"+";"-";"double-dames";"avec";"-";"+";"+";"-";"+";"+";"-";"+";"+";"+";"~";;;;;;;;;;;;;;;;;;;;;;;;;;;;;;;;;;;;;;;;;;;;;;;;;;;;;;;;;;;;;;;;;;;;;;;;;;;;;;;;;;;;;;;;;;;;;;;;;;;;;;;;;;;;;;;;;;;;;;;;;;;;;;;;;;;;;;;;;;;;;;;;;;;;;;;;;;;;;;;;;;;;;;;;;;;;;;;;;;;;;;;;;;;;;;;;;;;;;;;;;;;;;;;;;;;;;;;;;;;;;;;;;;
"93";"+";"-";"double-messieurs";"avec";"-";"+";"+";"-";"+";"+";"-";"+";"+";"+";"~";;;;;;;;;;;;;;;;;;;;;;;;;;;;;;;;;;;;;;;;;;;;;;;;;;;;;;;;;;;;;;;;;;;;;;;;;;;;;;;;;;;;;;;;;;;;;;;;;;;;;;;;;;;;;;;;;;;;;;;;;;;;;;;;;;;;;;;;;;;;;;;;;;;;;;;;;;;;;;;;;;;;;;;;;;;;;;;;;;;;;;;;;;;;;;;;;;;;;;;;;;;;;;;;;;;;;;;;;;;;;;;;;;
"94";"+";"-";"double-mixte";"avec";"-";"+";"+";"-";"+";"+";"-";"+";"+";"+";"~";;;;;;;;;;;;;;;;;;;;;;;;;;;;;;;;;;;;;;;;;;;;;;;;;;;;;;;;;;;;;;;;;;;;;;;;;;;;;;;;;;;;;;;;;;;;;;;;;;;;;;;;;;;;;;;;;;;;;;;;;;;;;;;;;;;;;;;;;;;;;;;;;;;;;;;;;;;;;;;;;;;;;;;;;;;;;;;;;;;;;;;;;;;;;;;;;;;;;;;;;;;;;;;;;;;;;;;;;;;;;;;;;;
"95";"+";"-";"échappée";"Loc";"-";"+";"+";"-";"+";"-";"+";"-";"-";"+";"Léa fait une échappée à la campagne";;;;;;;;;;;;;;;;;;;;;;;;;;;;;;;;;;;;;;;;;;;;;;;;;;;;;;;;;;;;;;;;;;;;;;;;;;;;;;;;;;;;;;;;;;;;;;;;;;;;;;;;;;;;;;;;;;;;;;;;;;;;;;;;;;;;;;;;;;;;;;;;;;;;;;;;;;;;;;;;;;;;;;;;;;;;;;;;;;;;;;;;;;;;;;;;;;;;;;;;;;;;;;;;;;;;;;;;;;;;;;;;;;
"96";"+";"-";"éclaircie";"Loc";"-";"+";"+";"-";"+";"-";"+";"-";"-";"+";"Les bûcherons ont fait une éclaircie dans la forêt";;;;;;;;;;;;;;;;;;;;;;;;;;;;;;;;;;;;;;;;;;;;;;;;;;;;;;;;;;;;;;;;;;;;;;;;;;;;;;;;;;;;;;;;;;;;;;;;;;;;;;;;;;;;;;;;;;;;;;;;;;;;;;;;;;;;;;;;;;;;;;;;;;;;;;;;;;;;;;;;;;;;;;;;;;;;;;;;;;;;;;;;;;;;;;;;;;;;;;;;;;;;;;;;;;;;;;;;;;;;;;;;;;
"97";"+";"-";"éclat";"Loc";"-";"+";"+";"-";"-";"-";"+";"-";"-";"-";"~";;;;;;;;;;;;;;;;;;;;;;;;;;;;;;;;;;;;;;;;;;;;;;;;;;;;;;;;;;;;;;;;;;;;;;;;;;;;;;;;;;;;;;;;;;;;;;;;;;;;;;;;;;;;;;;;;;;;;;;;;;;;;;;;;;;;;;;;;;;;;;;;;;;;;;;;;;;;;;;;;;;;;;;;;;;;;;;;;;;;;;;;;;;;;;;;;;;;;;;;;;;;;;;;;;;;;;;;;;;;;;;;;;
"98";"+";"-";"édit";"sur";"-";"+";"+";"-";"+";"-";"+";"-";"-";"+";"La maire a (pris+publié) un édit sur cette question";;;;;;;;;;;;;;;;;;;;;;;;;;;;;;;;;;;;;;;;;;;;;;;;;;;;;;;;;;;;;;;;;;;;;;;;;;;;;;;;;;;;;;;;;;;;;;;;;;;;;;;;;;;;;;;;;;;;;;;;;;;;;;;;;;;;;;;;;;;;;;;;;;;;;;;;;;;;;;;;;;;;;;;;;;;;;;;;;;;;;;;;;;;;;;;;;;;;;;;;;;;;;;;;;;;;;;;;;;;;;;;;;;
"99";"+";"-";"éditorial";"sur";"-";"+";"+";"-";"+";"+";"+";"-";"-";"+";"Max fait un éditorial sur cette question";;;;;;;;;;;;;;;;;;;;;;;;;;;;;;;;;;;;;;;;;;;;;;;;;;;;;;;;;;;;;;;;;;;;;;;;;;;;;;;;;;;;;;;;;;;;;;;;;;;;;;;;;;;;;;;;;;;;;;;;;;;;;;;;;;;;;;;;;;;;;;;;;;;;;;;;;;;;;;;;;;;;;;;;;;;;;;;;;;;;;;;;;;;;;;;;;;;;;;;;;;;;;;;;;;;;;;;;;;;;;;;;;;
"100";"-";"+";"effet";"Loc";"-";"+";"+";"+";"+";"-";"+";"-";"-";"-";"Ce tableau fait un bel effet sur ce nuit";;;;;;;;;;;;;;;;;;;;;;;;;;;;;;;;;;;;;;;;;;;;;;;;;;;;;;;;;;;;;;;;;;;;;;;;;;;;;;;;;;;;;;;;;;;;;;;;;;;;;;;;;;;;;;;;;;;;;;;;;;;;;;;;;;;;;;;;;;;;;;;;;;;;;;;;;;;;;;;;;;;;;;;;;;;;;;;;;;;;;;;;;;;;;;;;;;;;;;;;;;;;;;;;;;;;;;;;;;;;;;;;;;
"101";"+";"-";"effort";"de";"-";"+";"+";"-";"+";"-";"+";"-";"-";"+";"Max fait un effort (E+en ceci+de maintenir)"
"102";"+";"-";"effort";"en";"<E>";"+";"+";"-";"+";"-";"+";"-";"-";"-";"~"
"103";"+";"-";"effort";"Loc";"<E>";"+";"+";"-";"+";"-";"+";"-";"-";"-";"~"
"104";"+";"-";"effort";"sur";"<E>";"+";"+";"-";"+";"-";"+";"-";"-";"-";"~"
"105";"+";"-";"embardée";"Loc";"-";"+";"+";"-";"+";"-";"+";"-";"-";"+";"~";;;;;;;;;;;;;;;;;;;;;;;;;;;;;;;;;;;;;;;;;;;;;;;;;;;;;;;;;;;;;;;;;;;;;;;;;;;;;;;;;;;;;;;;;;;;;;;;;;;;;;;;;;;;;;;;;;;;;;;;;;;;;;;;;;;;;;;;;;;;;;;;;;;;;;;;;;;;;;;;;;;;;;;;;;;;;;;;;;;;;;;;;;;;;;;;;;;;;;;;;;;;;;;;;;;;;;;;;;;;;;;;;;
"106";"+";"-";"embargo";"sur";"le";"+";"+";"-";"-";"-";"+";"-";"-";"+";"Ce gouvernement a fait un embargo prolongé sur les navires";;;;;;;;;;;;;;;;;;;;;;;;;;;;;;;;;;;;;;;;;;;;;;;;;;;;;;;;;;;;;;;;;;;;;;;;;;;;;;;;;;;;;;;;;;;;;;;;;;;;;;;;;;;;;;;;;;;;;;;;;;;;;;;;;;;;;;;;;;;;;;;;;;;;;;;;;;;;;;;;;;;;;;;;;;;;;;;;;;;;;;;;;;;;;;;;;;;;;;;;;;;;;;;;;;;;;;;;;;;;;;;;;;
"107";"+";"-";"embranchement";"Loc";"-";"+";"+";"-";"+";"-";"+";"-";"-";"+";"~";;;;;;;;;;;;;;;;;;;;;;;;;;;;;;;;;;;;;;;;;;;;;;;;;;;;;;;;;;;;;;;;;;;;;;;;;;;;;;;;;;;;;;;;;;;;;;;;;;;;;;;;;;;;;;;;;;;;;;;;;;;;;;;;;;;;;;;;;;;;;;;;;;;;;;;;;;;;;;;;;;;;;;;;;;;;;;;;;;;;;;;;;;;;;;;;;;;;;;;;;;;;;;;;;;;;;;;;;;;;;;;;;;
"108";"+";"+";"émeute";"contre";"-";"+";"+";"-";"+";"+";"+";"-";"-";"+";"Les étudiants ont fait une émeute contre le gouvernement";;;;;;;;;;;;;;;;;;;;;;;;;;;;;;;;;;;;;;;;;;;;;;;;;;;;;;;;;;;;;;;;;;;;;;;;;;;;;;;;;;;;;;;;;;;;;;;;;;;;;;;;;;;;;;;;;;;;;;;;;;;;;;;;;;;;;;;;;;;;;;;;;;;;;;;;;;;;;;;;;;;;;;;;;;;;;;;;;;;;;;;;;;;;;;;;;;;;;;;;;;;;;;;;;;;;;;;;;;;;;;;;;;
"109";"+";"-";"émisson-pirate";"sur";"-";"+";"+";"-";"+";"+";"+";"-";"-";"+";"~";;;;;;;;;;;;;;;;;;;;;;;;;;;;;;;;;;;;;;;;;;;;;;;;;;;;;;;;;;;;;;;;;;;;;;;;;;;;;;;;;;;;;;;;;;;;;;;;;;;;;;;;;;;;;;;;;;;;;;;;;;;;;;;;;;;;;;;;;;;;;;;;;;;;;;;;;;;;;;;;;;;;;;;;;;;;;;;;;;;;;;;;;;;;;;;;;;;;;;;;;;;;;;;;;;;;;;;;;;;;;;;;;;
"110";"+";"-";"empâtement";"Loc";"-";"+";"+";"-";"+";"-";"+";"-";"-";"+";"~";;;;;;;;;;;;;;;;;;;;;;;;;;;;;;;;;;;;;;;;;;;;;;;;;;;;;;;;;;;;;;;;;;;;;;;;;;;;;;;;;;;;;;;;;;;;;;;;;;;;;;;;;;;;;;;;;;;;;;;;;;;;;;;;;;;;;;;;;;;;;;;;;;;;;;;;;;;;;;;;;;;;;;;;;;;;;;;;;;;;;;;;;;;;;;;;;;;;;;;;;;;;;;;;;;;;;;;;;;;;;;;;;;
"111";"+";"-";"encoche";"Loc";"-";"+";"+";"-";"+";"-";"+";"-";"-";"+";"~";;;;;;;;;;;;;;;;;;;;;;;;;;;;;;;;;;;;;;;;;;;;;;;;;;;;;;;;;;;;;;;;;;;;;;;;;;;;;;;;;;;;;;;;;;;;;;;;;;;;;;;;;;;;;;;;;;;;;;;;;;;;;;;;;;;;;;;;;;;;;;;;;;;;;;;;;;;;;;;;;;;;;;;;;;;;;;;;;;;;;;;;;;;;;;;;;;;;;;;;;;;;;;;;;;;;;;;;;;;;;;;;;;
"112";"+";"-";"encyclique";"sur";"-";"+";"+";"-";"+";"-";"+";"-";"-";"+";"Le pape (fait+écrit) une encyclique sur la foi";;;;;;;;;;;;;;;;;;;;;;;;;;;;;;;;;;;;;;;;;;;;;;;;;;;;;;;;;;;;;;;;;;;;;;;;;;;;;;;;;;;;;;;;;;;;;;;;;;;;;;;;;;;;;;;;;;;;;;;;;;;;;;;;;;;;;;;;;;;;;;;;;;;;;;;;;;;;;;;;;;;;;;;;;;;;;;;;;;;;;;;;;;;;;;;;;;;;;;;;;;;;;;;;;;;;;;;;;;;;;;;;;;
"113";"+";"+";"entonnoir";"Loc";"-";"+";"+";"-";"+";"-";"+";"-";"-";"+";"La bombe fait un entonnoir dans le sable";;;;;;;;;;;;;;;;;;;;;;;;;;;;;;;;;;;;;;;;;;;;;;;;;;;;;;;;;;;;;;;;;;;;;;;;;;;;;;;;;;;;;;;;;;;;;;;;;;;;;;;;;;;;;;;;;;;;;;;;;;;;;;;;;;;;;;;;;;;;;;;;;;;;;;;;;;;;;;;;;;;;;;;;;;;;;;;;;;;;;;;;;;;;;;;;;;;;;;;;;;;;;;;;;;;;;;;;;;;;;;;;;;
"114";"+";"-";"entr'acte";"entre";"-";"+";"+";"-";"+";"-";"+";"-";"-";"+";"~";;;;;;;;;;;;;;;;;;;;;;;;;;;;;;;;;;;;;;;;;;;;;;;;;;;;;;;;;;;;;;;;;;;;;;;;;;;;;;;;;;;;;;;;;;;;;;;;;;;;;;;;;;;;;;;;;;;;;;;;;;;;;;;;;;;;;;;;;;;;;;;;;;;;;;;;;;;;;;;;;;;;;;;;;;;;;;;;;;;;;;;;;;;;;;;;;;;;;;;;;;;;;;;;;;;;;;;;;;;;;;;;;;
"115";"+";"-";"épigramme";"sur+contre";"-";"+";"+";"-";"+";"+";"+";"-";"-";"+";"Max (fait+lance+écrit) une épigramme (contre+sur) (son ennemi+le président)";;;;;;;;;;;;;;;;;;;;;;;;;;;;;;;;;;;;;;;;;;;;;;;;;;;;;;;;;;;;;;;;;;;;;;;;;;;;;;;;;;;;;;;;;;;;;;;;;;;;;;;;;;;;;;;;;;;;;;;;;;;;;;;;;;;;;;;;;;;;;;;;;;;;;;;;;;;;;;;;;;;;;;;;;;;;;;;;;;;;;;;;;;;;;;;;;;;;;;;;;;;;;;;;;;;;;;;;;;;;;;;;;;
"116";"+";"-";"épopée";"sur";"-";"+";"+";"-";"+";"+";"+";"-";"-";"+";"Max a (écrit+fait) une épopée sur le diable";;;;;;;;;;;;;;;;;;;;;;;;;;;;;;;;;;;;;;;;;;;;;;;;;;;;;;;;;;;;;;;;;;;;;;;;;;;;;;;;;;;;;;;;;;;;;;;;;;;;;;;;;;;;;;;;;;;;;;;;;;;;;;;;;;;;;;;;;;;;;;;;;;;;;;;;;;;;;;;;;;;;;;;;;;;;;;;;;;;;;;;;;;;;;;;;;;;;;;;;;;;;;;;;;;;;;;;;;;;;;;;;;;
"117";"+";"-";"équipe";"avec";"-";"-";"+";"-";"+";"+";"-";"+";"-";"+";"~";;;;;;;;;;;;;;;;;;;;;;;;;;;;;;;;;;;;;;;;;;;;;;;;;;;;;;;;;;;;;;;;;;;;;;;;;;;;;;;;;;;;;;;;;;;;;;;;;;;;;;;;;;;;;;;;;;;;;;;;;;;;;;;;;;;;;;;;;;;;;;;;;;;;;;;;;;;;;;;;;;;;;;;;;;;;;;;;;;;;;;;;;;;;;;;;;;;;;;;;;;;;;;;;;;;;;;;;;;;;;;;;;;
"118";"+";"-";"équipée";"Loc";"-";"+";"+";"-";"+";"+";"+";"-";"-";"+";"Max a fait une belle équilibre dans Paris";;;;;;;;;;;;;;;;;;;;;;;;;;;;;;;;;;;;;;;;;;;;;;;;;;;;;;;;;;;;;;;;;;;;;;;;;;;;;;;;;;;;;;;;;;;;;;;;;;;;;;;;;;;;;;;;;;;;;;;;;;;;;;;;;;;;;;;;;;;;;;;;;;;;;;;;;;;;;;;;;;;;;;;;;;;;;;;;;;;;;;;;;;;;;;;;;;;;;;;;;;;;;;;;;;;;;;;;;;;;;;;;;;
"119";"+";"-";"escale";"Loc";"<E>";"+";"+";"-";"+";"+";"+";"-";"-";"+";"((Max+L'avion) fait (E+une) escale dans cette ville+
Max fait (E+une) escale chez son cousin)";;;;;;;;;;;;;;;;;;;;;;;;;;;;;;;;;;;;;;;;;;;;;;;;;;;;;;;;;;;;;;;;;;;;;;;;;;;;;;;;;;;;;;;;;;;;;;;;;;;;;;;;;;;;;;;;;;;;;;;;;;;;;;;;;;;;;;;;;;;;;;;;;;;;;;;;;;;;;;;;;;;;;;;;;;;;;;;;;;;;;;;;;;;;;;;;;;;;;;;;;;;;;;;;;;;;;;;;;;;;;;;;;;
"120";"+";"-";"escapade";"Loc";"-";"+";"+";"-";"+";"+";"+";"-";"-";"+";"Max fait une escapade à la campagne";;;;;;;;;;;;;;;;;;;;;;;;;;;;;;;;;;;;;;;;;;;;;;;;;;;;;;;;;;;;;;;;;;;;;;;;;;;;;;;;;;;;;;;;;;;;;;;;;;;;;;;;;;;;;;;;;;;;;;;;;;;;;;;;;;;;;;;;;;;;;;;;;;;;;;;;;;;;;;;;;;;;;;;;;;;;;;;;;;;;;;;;;;;;;;;;;;;;;;;;;;;;;;;;;;;;;;;;;;;;;;;;;;
"121";"+";"-";"essai";"sur";"-";"+";"+";"-";"+";"+";"+";"-";"-";"+";"Max (fait+écrit) un essai sur ce projet";;;;;;;;;;;;;;;;;;;;;;;;;;;;;;;;;;;;;;;;;;;;;;;;;;;;;;;;;;;;;;;;;;;;;;;;;;;;;;;;;;;;;;;;;;;;;;;;;;;;;;;;;;;;;;;;;;;;;;;;;;;;;;;;;;;;;;;;;;;;;;;;;;;;;;;;;;;;;;;;;;;;;;;;;;;;;;;;;;;;;;;;;;;;;;;;;;;;;;;;;;;;;;;;;;;;;;;;;;;;;;;;;;
"122";"+";"-";"évolutions";"Loc";"-";"-";"-";"-";"+";"-";"+";"-";"-";"+";"Max fait des évolutions sur la scène";;;;;;;;;;;;;;;;;;;;;;;;;;;;;;;;;;;;;;;;;;;;;;;;;;;;;;;;;;;;;;;;;;;;;;;;;;;;;;;;;;;;;;;;;;;;;;;;;;;;;;;;;;;;;;;;;;;;;;;;;;;;;;;;;;;;;;;;;;;;;;;;;;;;;;;;;;;;;;;;;;;;;;;;;;;;;;;;;;;;;;;;;;;;;;;;;;;;;;;;;;;;;;;;;;;;;;;;;;;;;;;;;;
"123";"+";"-";"exaction";"à l'égard";"-";"+";"+";"-";"+";"+";"-";"-";"-";"+";"Max (fait+commet) des exactions contre les populations";;;;;;;;;;;;;;;;;;;;;;;;;;;;;;;;;;;;;;;;;;;;;;;;;;;;;;;;;;;;;;;;;;;;;;;;;;;;;;;;;;;;;;;;;;;;;;;;;;;;;;;;;;;;;;;;;;;;;;;;;;;;;;;;;;;;;;;;;;;;;;;;;;;;;;;;;;;;;;;;;;;;;;;;;;;;;;;;;;;;;;;;;;;;;;;;;;;;;;;;;;;;;;;;;;;;;;;;;;;;;;;;;;
"124";"+";"-";"exception";"pour";"-";"+";"+";"-";"+";"+";"+";"-";"-";"+";"Max fait une exception pour Marie";;;;;;;;;;;;;;;;;;;;;;;;;;;;;;;;;;;;;;;;;;;;;;;;;;;;;;;;;;;;;;;;;;;;;;;;;;;;;;;;;;;;;;;;;;;;;;;;;;;;;;;;;;;;;;;;;;;;;;;;;;;;;;;;;;;;;;;;;;;;;;;;;;;;;;;;;;;;;;;;;;;;;;;;;;;;;;;;;;;;;;;;;;;;;;;;;;;;;;;;;;;;;;;;;;;;;;;;;;;;;;;;;;
"125";"+";"-";"excès";"de";"-";"+";"+";"-";"+";"-";"+";"-";"-";"+";"Max fait des excès de (vin+vitesse+lecture)"
"126";"+";"-";"expédition";"contre";"-";"+";"+";"-";"+";"+";"+";"-";"-";"+";"Max (fait+lance) une expédition contre les rebelles";;;;;;;;;;;;;;;;;;;;;;;;;;;;;;;;;;;;;;;;;;;;;;;;;;;;;;;;;;;;;;;;;;;;;;;;;;;;;;;;;;;;;;;;;;;;;;;;;;;;;;;;;;;;;;;;;;;;;;;;;;;;;;;;;;;;;;;;;;;;;;;;;;;;;;;;;;;;;;;;;;;;;;;;;;;;;;;;;;;;;;;;;;;;;;;;;;;;;;;;;;;;;;;;;;;;;;;;;;;;;;;;;;
"127";"+";"-";"expédition";"Loc";"-";"+";"+";"-";"+";"+";"+";"-";"-";"+";"Max fait une expédition au Sahara";;;;;;;;;;;;;;;;;;;;;;;;;;;;;;;;;;;;;;;;;;;;;;;;;;;;;;;;;;;;;;;;;;;;;;;;;;;;;;;;;;;;;;;;;;;;;;;;;;;;;;;;;;;;;;;;;;;;;;;;;;;;;;;;;;;;;;;;;;;;;;;;;;;;;;;;;;;;;;;;;;;;;;;;;;;;;;;;;;;;;;;;;;;;;;;;;;;;;;;;;;;;;;;;;;;;;;;;;;;;;;;;;;
"128";"+";"-";"farandole";"avec";"-";"+";"+";"-";"+";"+";"-";"+";"-";"+";"Les enfants font une farandole";;;;;;;;;;;;;;;;;;;;;;;;;;;;;;;;;;;;;;;;;;;;;;;;;;;;;;;;;;;;;;;;;;;;;;;;;;;;;;;;;;;;;;;;;;;;;;;;;;;;;;;;;;;;;;;;;;;;;;;;;;;;;;;;;;;;;;;;;;;;;;;;;;;;;;;;;;;;;;;;;;;;;;;;;;;;;;;;;;;;;;;;;;;;;;;;;;;;;;;;;;;;;;;;;;;;;;;;;;;;;;;;;;
"129";"+";"-";"festival";"de";"-";"+";"+";"-";"+";"-";"+";"-";"-";"+";"Ce pays donne un festival (E+de musique)";;;;;;;;;;;;;;;;;;;;;;;;;;;;;;;;;;;;;;;;;;;;;;;;;;;;;;;;;;;;;;;;;;;;;;;;;;;;;;;;;;;;;;;;;;;;;;;;;;;;;;;;;;;;;;;;;;;;;;;;;;;;;;;;;;;;;;;;;;;;;;;;;;;;;;;;;;;;;;;;;;;;;;;;;;;;;;;;;;;;;;;;;;;;;;;;;;;;;;;;;;;;;;;;;;;;;;;;;;;;;;;;;;
"130";"+";"-";"fête";"avec";"-";"+";"+";"-";"+";"+";"-";"+";"-";"+";"~";;;;;;;;;;;;;;;;;;;;;;;;;;;;;;;;;;;;;;;;;;;;;;;;;;;;;;;;;;;;;;;;;;;;;;;;;;;;;;;;;;;;;;;;;;;;;;;;;;;;;;;;;;;;;;;;;;;;;;;;;;;;;;;;;;;;;;;;;;;;;;;;;;;;;;;;;;;;;;;;;;;;;;;;;;;;;;;;;;;;;;;;;;;;;;;;;;;;;;;;;;;;;;;;;;;;;;;;;;;;;;;;;;
"131";"+";"-";"fiche";"sur";"-";"+";"+";"-";"+";"+";"+";"-";"-";"+";"~";;;;;;;;;;;;;;;;;;;;;;;;;;;;;;;;;;;;;;;;;;;;;;;;;;;;;;;;;;;;;;;;;;;;;;;;;;;;;;;;;;;;;;;;;;;;;;;;;;;;;;;;;;;;;;;;;;;;;;;;;;;;;;;;;;;;;;;;;;;;;;;;;;;;;;;;;;;;;;;;;;;;;;;;;;;;;;;;;;;;;;;;;;;;;;;;;;;;;;;;;;;;;;;;;;;;;;;;;;;;;;;;;;
"132";"+";"-";"figure";"Loc";"-";"+";"+";"-";"+";"-";"+";"-";"-";"+";"Le danseur fait des figures sur la scène";;;;;;;;;;;;;;;;;;;;;;;;;;;;;;;;;;;;;;;;;;;;;;;;;;;;;;;;;;;;;;;;;;;;;;;;;;;;;;;;;;;;;;;;;;;;;;;;;;;;;;;;;;;;;;;;;;;;;;;;;;;;;;;;;;;;;;;;;;;;;;;;;;;;;;;;;;;;;;;;;;;;;;;;;;;;;;;;;;;;;;;;;;;;;;;;;;;;;;;;;;;;;;;;;;;;;;;;;;;;;;;;;;
"133";"+";"-";"film";"sur";"-";"+";"+";"-";"+";"+";"+";"-";"-";"+";"Max (fait+tourne) un film (E+sur la guerre)";;;;;;;;;;;;;;;;;;;;;;;;;;;;;;;;;;;;;;;;;;;;;;;;;;;;;;;;;;;;;;;;;;;;;;;;;;;;;;;;;;;;;;;;;;;;;;;;;;;;;;;;;;;;;;;;;;;;;;;;;;;;;;;;;;;;;;;;;;;;;;;;;;;;;;;;;;;;;;;;;;;;;;;;;;;;;;;;;;;;;;;;;;;;;;;;;;;;;;;;;;;;;;;;;;;;;;;;;;;;;;;;;;
"134";"+";"-";"finitions";"Loc";"-";"-";"-";"-";"+";"-";"+";"-";"-";"+";"Max fait des finitions à ce vêtement";;;;;;;;;;;;;;;;;;;;;;;;;;;;;;;;;;;;;;;;;;;;;;;;;;;;;;;;;;;;;;;;;;;;;;;;;;;;;;;;;;;;;;;;;;;;;;;;;;;;;;;;;;;;;;;;;;;;;;;;;;;;;;;;;;;;;;;;;;;;;;;;;;;;;;;;;;;;;;;;;;;;;;;;;;;;;;;;;;;;;;;;;;;;;;;;;;;;;;;;;;;;;;;;;;;;;;;;;;;;;;;;;;
"135";"+";"-";"fioritures";"Loc";"-";"-";"-";"-";"+";"-";"-";"-";"-";"+";"~";;;;;;;;;;;;;;;;;;;;;;;;;;;;;;;;;;;;;;;;;;;;;;;;;;;;;;;;;;;;;;;;;;;;;;;;;;;;;;;;;;;;;;;;;;;;;;;;;;;;;;;;;;;;;;;;;;;;;;;;;;;;;;;;;;;;;;;;;;;;;;;;;;;;;;;;;;;;;;;;;;;;;;;;;;;;;;;;;;;;;;;;;;;;;;;;;;;;;;;;;;;;;;;;;;;;;;;;;;;;;;;;;;
"136";"+";"-";"flambée";"Loc";"-";"+";"+";"-";"+";"+";"+";"-";"-";"+";"Max fait une flambée dans la cheminée";;;;;;;;;;;;;;;;;;;;;;;;;;;;;;;;;;;;;;;;;;;;;;;;;;;;;;;;;;;;;;;;;;;;;;;;;;;;;;;;;;;;;;;;;;;;;;;;;;;;;;;;;;;;;;;;;;;;;;;;;;;;;;;;;;;;;;;;;;;;;;;;;;;;;;;;;;;;;;;;;;;;;;;;;;;;;;;;;;;;;;;;;;;;;;;;;;;;;;;;;;;;;;;;;;;;;;;;;;;;;;;;;;
"137";"+";"+";"foin";"Loc";"-";"-";"+";"+";"-";"+";"+";"-";"-";"+";"~";;;;;;;;;;;;;;;;;;;;;;;;;;;;;;;;;;;;;;;;;;;;;;;;;;;;;;;;;;;;;;;;;;;;;;;;;;;;;;;;;;;;;;;;;;;;;;;;;;;;;;;;;;;;;;;;;;;;;;;;;;;;;;;;;;;;;;;;;;;;;;;;;;;;;;;;;;;;;;;;;;;;;;;;;;;;;;;;;;;;;;;;;;;;;;;;;;;;;;;;;;;;;;;;;;;;;;;;;;;;;;;;;;
"138";"+";"-";"forum";"sur";"-";"+";"+";"-";"+";"-";"+";"-";"-";"+";"~";;;;;;;;;;;;;;;;;;;;;;;;;;;;;;;;;;;;;;;;;;;;;;;;;;;;;;;;;;;;;;;;;;;;;;;;;;;;;;;;;;;;;;;;;;;;;;;;;;;;;;;;;;;;;;;;;;;;;;;;;;;;;;;;;;;;;;;;;;;;;;;;;;;;;;;;;;;;;;;;;;;;;;;;;;;;;;;;;;;;;;;;;;;;;;;;;;;;;;;;;;;;;;;;;;;;;;;;;;;;;;;;;;
"139";"+";"-";"fouillis";"Loc";"-";"-";"+";"+";"-";"+";"+";"-";"-";"+";"~";;;;;;;;;;;;;;;;;;;;;;;;;;;;;;;;;;;;;;;;;;;;;;;;;;;;;;;;;;;;;;;;;;;;;;;;;;;;;;;;;;;;;;;;;;;;;;;;;;;;;;;;;;;;;;;;;;;;;;;;;;;;;;;;;;;;;;;;;;;;;;;;;;;;;;;;;;;;;;;;;;;;;;;;;;;;;;;;;;;;;;;;;;;;;;;;;;;;;;;;;;;;;;;;;;;;;;;;;;;;;;;;;;
"140";"+";"-";"frais";"pour";"-";"-";"-";"-";"+";"+";"+";"-";"-";"-";"~";;;;;;;;;;;;;;;;;;;;;;;;;;;;;;;;;;;;;;;;;;;;;;;;;;;;;;;;;;;;;;;;;;;;;;;;;;;;;;;;;;;;;;;;;;;;;;;;;;;;;;;;;;;;;;;;;;;;;;;;;;;;;;;;;;;;;;;;;;;;;;;;;;;;;;;;;;;;;;;;;;;;;;;;;;;;;;;;;;;;;;;;;;;;;;;;;;;;;;;;;;;;;;;;;;;;;;;;;;;;;;;;;;
"141";"+";"-";"fresque";"Loc";"-";"+";"+";"-";"+";"+";"+";"-";"-";"+";"~";;;;;;;;;;;;;;;;;;;;;;;;;;;;;;;;;;;;;;;;;;;;;;;;;;;;;;;;;;;;;;;;;;;;;;;;;;;;;;;;;;;;;;;;;;;;;;;;;;;;;;;;;;;;;;;;;;;;;;;;;;;;;;;;;;;;;;;;;;;;;;;;;;;;;;;;;;;;;;;;;;;;;;;;;;;;;;;;;;;;;;;;;;;;;;;;;;;;;;;;;;;;;;;;;;;;;;;;;;;;;;;;;;
"142";"+";"-";"frise";"Loc";"-";"+";"+";"-";"+";"-";"+";"-";"-";"+";"~";;;;;;;;;;;;;;;;;;;;;;;;;;;;;;;;;;;;;;;;;;;;;;;;;;;;;;;;;;;;;;;;;;;;;;;;;;;;;;;;;;;;;;;;;;;;;;;;;;;;;;;;;;;;;;;;;;;;;;;;;;;;;;;;;;;;;;;;;;;;;;;;;;;;;;;;;;;;;;;;;;;;;;;;;;;;;;;;;;;;;;;;;;;;;;;;;;;;;;;;;;;;;;;;;;;;;;;;;;;;;;;;;;
"143";"+";"-";"fronde";"contre";"-";"+";"+";"-";"+";"+";"-";"-";"-";"+";"~";;;;;;;;;;;;;;;;;;;;;;;;;;;;;;;;;;;;;;;;;;;;;;;;;;;;;;;;;;;;;;;;;;;;;;;;;;;;;;;;;;;;;;;;;;;;;;;;;;;;;;;;;;;;;;;;;;;;;;;;;;;;;;;;;;;;;;;;;;;;;;;;;;;;;;;;;;;;;;;;;;;;;;;;;;;;;;;;;;;;;;;;;;;;;;;;;;;;;;;;;;;;;;;;;;;;;;;;;;;;;;;;;;
"144";"+";"-";"fugue";"Loc";"-";"+";"+";"-";"+";"+";"+";"-";"-";"+";"~";;;;;;;;;;;;;;;;;;;;;;;;;;;;;;;;;;;;;;;;;;;;;;;;;;;;;;;;;;;;;;;;;;;;;;;;;;;;;;;;;;;;;;;;;;;;;;;;;;;;;;;;;;;;;;;;;;;;;;;;;;;;;;;;;;;;;;;;;;;;;;;;;;;;;;;;;;;;;;;;;;;;;;;;;;;;;;;;;;;;;;;;;;;;;;;;;;;;;;;;;;;;;;;;;;;;;;;;;;;;;;;;;;
"145";"+";"-";"fusillade";"Loc";"-";"+";"+";"-";"+";"+";"+";"-";"-";"+";"~";;;;;;;;;;;;;;;;;;;;;;;;;;;;;;;;;;;;;;;;;;;;;;;;;;;;;;;;;;;;;;;;;;;;;;;;;;;;;;;;;;;;;;;;;;;;;;;;;;;;;;;;;;;;;;;;;;;;;;;;;;;;;;;;;;;;;;;;;;;;;;;;;;;;;;;;;;;;;;;;;;;;;;;;;;;;;;;;;;;;;;;;;;;;;;;;;;;;;;;;;;;;;;;;;;;;;;;;;;;;;;;;;;
"146";"+";"-";"gain";"sur";"-";"+";"+";"-";"+";"-";"+";"-";"-";"+";"~";;;;;;;;;;;;;;;;;;;;;;;;;;;;;;;;;;;;;;;;;;;;;;;;;;;;;;;;;;;;;;;;;;;;;;;;;;;;;;;;;;;;;;;;;;;;;;;;;;;;;;;;;;;;;;;;;;;;;;;;;;;;;;;;;;;;;;;;;;;;;;;;;;;;;;;;;;;;;;;;;;;;;;;;;;;;;;;;;;;;;;;;;;;;;;;;;;;;;;;;;;;;;;;;;;;;;;;;;;;;;;;;;;
"147";"+";"-";"gallup";"sur";"-";"+";"+";"-";"+";"+";"+";"-";"-";"+";"~";;;;;;;;;;;;;;;;;;;;;;;;;;;;;;;;;;;;;;;;;;;;;;;;;;;;;;;;;;;;;;;;;;;;;;;;;;;;;;;;;;;;;;;;;;;;;;;;;;;;;;;;;;;;;;;;;;;;;;;;;;;;;;;;;;;;;;;;;;;;;;;;;;;;;;;;;;;;;;;;;;;;;;;;;;;;;;;;;;;;;;;;;;;;;;;;;;;;;;;;;;;;;;;;;;;;;;;;;;;;;;;;;;
"148";"+";"-";"garden-party";"avec";"-";"+";"+";"-";"+";"+";"-";"+";"-";"+";"~";;;;;;;;;;;;;;;;;;;;;;;;;;;;;;;;;;;;;;;;;;;;;;;;;;;;;;;;;;;;;;;;;;;;;;;;;;;;;;;;;;;;;;;;;;;;;;;;;;;;;;;;;;;;;;;;;;;;;;;;;;;;;;;;;;;;;;;;;;;;;;;;;;;;;;;;;;;;;;;;;;;;;;;;;;;;;;;;;;;;;;;;;;;;;;;;;;;;;;;;;;;;;;;;;;;;;;;;;;;;;;;;;;
"149";"+";"-";"geste";"envers";"-";"+";"+";"-";"-";"+";"-";"-";"-";"+";"~";;;;;;;;;;;;;;;;;;;;;;;;;;;;;;;;;;;;;;;;;;;;;;;;;;;;;;;;;;;;;;;;;;;;;;;;;;;;;;;;;;;;;;;;;;;;;;;;;;;;;;;;;;;;;;;;;;;;;;;;;;;;;;;;;;;;;;;;;;;;;;;;;;;;;;;;;;;;;;;;;;;;;;;;;;;;;;;;;;;;;;;;;;;;;;;;;;;;;;;;;;;;;;;;;;;;;;;;;;;;;;;;;;
"150";"+";"-";"gradation";"entre";"-";"+";"+";"-";"+";"+";"+";"-";"-";"+";"~";;;;;;;;;;;;;;;;;;;;;;;;;;;;;;;;;;;;;;;;;;;;;;;;;;;;;;;;;;;;;;;;;;;;;;;;;;;;;;;;;;;;;;;;;;;;;;;;;;;;;;;;;;;;;;;;;;;;;;;;;;;;;;;;;;;;;;;;;;;;;;;;;;;;;;;;;;;;;;;;;;;;;;;;;;;;;;;;;;;;;;;;;;;;;;;;;;;;;;;;;;;;;;;;;;;;;;;;;;;;;;;;;;
"151";"+";"-";"graffiti";"Loc";"-";"+";"+";"-";"+";"-";"+";"-";"-";"+";"~";;;;;;;;;;;;;;;;;;;;;;;;;;;;;;;;;;;;;;;;;;;;;;;;;;;;;;;;;;;;;;;;;;;;;;;;;;;;;;;;;;;;;;;;;;;;;;;;;;;;;;;;;;;;;;;;;;;;;;;;;;;;;;;;;;;;;;;;;;;;;;;;;;;;;;;;;;;;;;;;;;;;;;;;;;;;;;;;;;;;;;;;;;;;;;;;;;;;;;;;;;;;;;;;;;;;;;;;;;;;;;;;;;
"152";"+";"-";"grève";"contre";"<E>";"+";"+";"-";"+";"+";"+";"-";"-";"+";"~";;;;;;;;;;;;;;;;;;;;;;;;;;;;;;;;;;;;;;;;;;;;;;;;;;;;;;;;;;;;;;;;;;;;;;;;;;;;;;;;;;;;;;;;;;;;;;;;;;;;;;;;;;;;;;;;;;;;;;;;;;;;;;;;;;;;;;;;;;;;;;;;;;;;;;;;;;;;;;;;;;;;;;;;;;;;;;;;;;;;;;;;;;;;;;;;;;;;;;;;;;;;;;;;;;;;;;;;;;;;;;;;;;
"153";"+";"-";"grève";"contre";"la";"+";"+";"-";"+";"+";"+";"-";"-";"+";"~";;;;;;;;;;;;;;;;;;;;;;;;;;;;;;;;;;;;;;;;;;;;;;;;;;;;;;;;;;;;;;;;;;;;;;;;;;;;;;;;;;;;;;;;;;;;;;;;;;;;;;;;;;;;;;;;;;;;;;;;;;;;;;;;;;;;;;;;;;;;;;;;;;;;;;;;;;;;;;;;;;;;;;;;;;;;;;;;;;;;;;;;;;;;;;;;;;;;;;;;;;;;;;;;;;;;;;;;;;;;;;;;;;
"154";"+";"-";"guérilla";"contre";"la";"+";"+";"+";"-";"+";"+";"-";"-";"+";"~";;;;;;;;;;;;;;;;;;;;;;;;;;;;;;;;;;;;;;;;;;;;;;;;;;;;;;;;;;;;;;;;;;;;;;;;;;;;;;;;;;;;;;;;;;;;;;;;;;;;;;;;;;;;;;;;;;;;;;;;;;;;;;;;;;;;;;;;;;;;;;;;;;;;;;;;;;;;;;;;;;;;;;;;;;;;;;;;;;;;;;;;;;;;;;;;;;;;;;;;;;;;;;;;;;;;;;;;;;;;;;;;;;
"155";"+";"-";"guerre";"avec";"la";"+";"+";"-";"+";"+";"-";"+";"+";"+";"~";;;;;;;;;;;;;;;;;;;;;;;;;;;;;;;;;;;;;;;;;;;;;;;;;;;;;;;;;;;;;;;;;;;;;;;;;;;;;;;;;;;;;;;;;;;;;;;;;;;;;;;;;;;;;;;;;;;;;;;;;;;;;;;;;;;;;;;;;;;;;;;;;;;;;;;;;;;;;;;;;;;;;;;;;;;;;;;;;;;;;;;;;;;;;;;;;;;;;;;;;;;;;;;;;;;;;;;;;;;;;;;;;;
"156";"+";"-";"guerre-éclair";"contre";"-";"+";"+";"-";"+";"+";"-";"-";"-";"+";"~";;;;;;;;;;;;;;;;;;;;;;;;;;;;;;;;;;;;;;;;;;;;;;;;;;;;;;;;;;;;;;;;;;;;;;;;;;;;;;;;;;;;;;;;;;;;;;;;;;;;;;;;;;;;;;;;;;;;;;;;;;;;;;;;;;;;;;;;;;;;;;;;;;;;;;;;;;;;;;;;;;;;;;;;;;;;;;;;;;;;;;;;;;;;;;;;;;;;;;;;;;;;;;;;;;;;;;;;;;;;;;;;;;
"157";"+";"-";"gueuleton";"avec";"-";"+";"+";"-";"+";"+";"-";"+";"-";"+";"~";;;;;;;;;;;;;;;;;;;;;;;;;;;;;;;;;;;;;;;;;;;;;;;;;;;;;;;;;;;;;;;;;;;;;;;;;;;;;;;;;;;;;;;;;;;;;;;;;;;;;;;;;;;;;;;;;;;;;;;;;;;;;;;;;;;;;;;;;;;;;;;;;;;;;;;;;;;;;;;;;;;;;;;;;;;;;;;;;;;;;;;;;;;;;;;;;;;;;;;;;;;;;;;;;;;;;;;;;;;;;;;;;;
"158";"+";"-";"gymkana";"avec";"-";"+";"+";"-";"+";"+";"-";"+";"-";"+";"~";;;;;;;;;;;;;;;;;;;;;;;;;;;;;;;;;;;;;;;;;;;;;;;;;;;;;;;;;;;;;;;;;;;;;;;;;;;;;;;;;;;;;;;;;;;;;;;;;;;;;;;;;;;;;;;;;;;;;;;;;;;;;;;;;;;;;;;;;;;;;;;;;;;;;;;;;;;;;;;;;;;;;;;;;;;;;;;;;;;;;;;;;;;;;;;;;;;;;;;;;;;;;;;;;;;;;;;;;;;;;;;;;;
"159";"+";"-";"halte";"Loc";"-";"+";"+";"-";"+";"+";"+";"-";"-";"+";"~";;;;;;;;;;;;;;;;;;;;;;;;;;;;;;;;;;;;;;;;;;;;;;;;;;;;;;;;;;;;;;;;;;;;;;;;;;;;;;;;;;;;;;;;;;;;;;;;;;;;;;;;;;;;;;;;;;;;;;;;;;;;;;;;;;;;;;;;;;;;;;;;;;;;;;;;;;;;;;;;;;;;;;;;;;;;;;;;;;;;;;;;;;;;;;;;;;;;;;;;;;;;;;;;;;;;;;;;;;;;;;;;;;
"160";"+";"-";"hiérarchie";"entre";"la";"+";"+";"-";"+";"+";"+";"-";"-";"+";"~";;;;;;;;;;;;;;;;;;;;;;;;;;;;;;;;;;;;;;;;;;;;;;;;;;;;;;;;;;;;;;;;;;;;;;;;;;;;;;;;;;;;;;;;;;;;;;;;;;;;;;;;;;;;;;;;;;;;;;;;;;;;;;;;;;;;;;;;;;;;;;;;;;;;;;;;;;;;;;;;;;;;;;;;;;;;;;;;;;;;;;;;;;;;;;;;;;;;;;;;;;;;;;;;;;;;;;;;;;;;;;;;;;
"161";"+";"-";"hiéroglyphes";"Loc";"-";"+";"+";"-";"+";"-";"+";"-";"-";"+";"~";;;;;;;;;;;;;;;;;;;;;;;;;;;;;;;;;;;;;;;;;;;;;;;;;;;;;;;;;;;;;;;;;;;;;;;;;;;;;;;;;;;;;;;;;;;;;;;;;;;;;;;;;;;;;;;;;;;;;;;;;;;;;;;;;;;;;;;;;;;;;;;;;;;;;;;;;;;;;;;;;;;;;;;;;;;;;;;;;;;;;;;;;;;;;;;;;;;;;;;;;;;;;;;;;;;;;;;;;;;;;;;;;;
"162";"+";"-";"hold-up";"Loc";"-";"+";"+";"-";"+";"+";"+";"-";"-";"+";"~";;;;;;;;;;;;;;;;;;;;;;;;;;;;;;;;;;;;;;;;;;;;;;;;;;;;;;;;;;;;;;;;;;;;;;;;;;;;;;;;;;;;;;;;;;;;;;;;;;;;;;;;;;;;;;;;;;;;;;;;;;;;;;;;;;;;;;;;;;;;;;;;;;;;;;;;;;;;;;;;;;;;;;;;;;;;;;;;;;;;;;;;;;;;;;;;;;;;;;;;;;;;;;;;;;;;;;;;;;;;;;;;;;
"163";"+";"+";"huit";"Loc";"-";"+";"+";"-";"+";"-";"+";"-";"-";"+";"~";;;;;;;;;;;;;;;;;;;;;;;;;;;;;;;;;;;;;;;;;;;;;;;;;;;;;;;;;;;;;;;;;;;;;;;;;;;;;;;;;;;;;;;;;;;;;;;;;;;;;;;;;;;;;;;;;;;;;;;;;;;;;;;;;;;;;;;;;;;;;;;;;;;;;;;;;;;;;;;;;;;;;;;;;;;;;;;;;;;;;;;;;;;;;;;;;;;;;;;;;;;;;;;;;;;;;;;;;;;;;;;;;;
"164";"+";"-";"hypothèse";"sur";"-";"+";"+";"-";"+";"+";"+";"-";"-";"+";"~";;;;;;;;;;;;;;;;;;;;;;;;;;;;;;;;;;;;;;;;;;;;;;;;;;;;;;;;;;;;;;;;;;;;;;;;;;;;;;;;;;;;;;;;;;;;;;;;;;;;;;;;;;;;;;;;;;;;;;;;;;;;;;;;;;;;;;;;;;;;;;;;;;;;;;;;;;;;;;;;;;;;;;;;;;;;;;;;;;;;;;;;;;;;;;;;;;;;;;;;;;;;;;;;;;;;;;;;;;;;;;;;;;
"165";"+";"-";"impasse";"sur";"la";"+";"+";"-";"+";"-";"+";"-";"-";"+";"~";;;;;;;;;;;;;;;;;;;;;;;;;;;;;;;;;;;;;;;;;;;;;;;;;;;;;;;;;;;;;;;;;;;;;;;;;;;;;;;;;;;;;;;;;;;;;;;;;;;;;;;;;;;;;;;;;;;;;;;;;;;;;;;;;;;;;;;;;;;;;;;;;;;;;;;;;;;;;;;;;;;;;;;;;;;;;;;;;;;;;;;;;;;;;;;;;;;;;;;;;;;;;;;;;;;;;;;;;;;;;;;;;;
"166";"+";"-";"inceste";"avec";"-";"+";"+";"-";"+";"+";"-";"+";"+";"+";"~";;;;;;;;;;;;;;;;;;;;;;;;;;;;;;;;;;;;;;;;;;;;;;;;;;;;;;;;;;;;;;;;;;;;;;;;;;;;;;;;;;;;;;;;;;;;;;;;;;;;;;;;;;;;;;;;;;;;;;;;;;;;;;;;;;;;;;;;;;;;;;;;;;;;;;;;;;;;;;;;;;;;;;;;;;;;;;;;;;;;;;;;;;;;;;;;;;;;;;;;;;;;;;;;;;;;;;;;;;;;;;;;;;
"167";"+";"-";"incursion";"Loc";"-";"+";"+";"-";"+";"+";"+";"-";"-";"+";"~";;;;;;;;;;;;;;;;;;;;;;;;;;;;;;;;;;;;;;;;;;;;;;;;;;;;;;;;;;;;;;;;;;;;;;;;;;;;;;;;;;;;;;;;;;;;;;;;;;;;;;;;;;;;;;;;;;;;;;;;;;;;;;;;;;;;;;;;;;;;;;;;;;;;;;;;;;;;;;;;;;;;;;;;;;;;;;;;;;;;;;;;;;;;;;;;;;;;;;;;;;;;;;;;;;;;;;;;;;;;;;;;;;
"168";"+";"-";"infraction";"à";"-";"+";"+";"-";"+";"-";"+";"-";"-";"+";"~";;;;;;;;;;;;;;;;;;;;;;;;;;;;;;;;;;;;;;;;;;;;;;;;;;;;;;;;;;;;;;;;;;;;;;;;;;;;;;;;;;;;;;;;;;;;;;;;;;;;;;;;;;;;;;;;;;;;;;;;;;;;;;;;;;;;;;;;;;;;;;;;;;;;;;;;;;;;;;;;;;;;;;;;;;;;;;;;;;;;;;;;;;;;;;;;;;;;;;;;;;;;;;;;;;;;;;;;;;;;;;;;;;
"169";"+";"-";"ingérence";"Loc";"-";"+";"+";"-";"+";"-";"+";"-";"-";"+";"~";;;;;;;;;;;;;;;;;;;;;;;;;;;;;;;;;;;;;;;;;;;;;;;;;;;;;;;;;;;;;;;;;;;;;;;;;;;;;;;;;;;;;;;;;;;;;;;;;;;;;;;;;;;;;;;;;;;;;;;;;;;;;;;;;;;;;;;;;;;;;;;;;;;;;;;;;;;;;;;;;;;;;;;;;;;;;;;;;;;;;;;;;;;;;;;;;;;;;;;;;;;;;;;;;;;;;;;;;;;;;;;;;;
"170";"+";"-";"inquisition";"contre";"-";"+";"+";"-";"-";"+";"+";"-";"-";"+";"~";;;;;;;;;;;;;;;;;;;;;;;;;;;;;;;;;;;;;;;;;;;;;;;;;;;;;;;;;;;;;;;;;;;;;;;;;;;;;;;;;;;;;;;;;;;;;;;;;;;;;;;;;;;;;;;;;;;;;;;;;;;;;;;;;;;;;;;;;;;;;;;;;;;;;;;;;;;;;;;;;;;;;;;;;;;;;;;;;;;;;;;;;;;;;;;;;;;;;;;;;;;;;;;;;;;;;;;;;;;;;;;;;;
"171";"+";"-";"intérim";"entre";"le";"-";"+";"-";"-";"+";"+";"-";"-";"+";"~";;;;;;;;;;;;;;;;;;;;;;;;;;;;;;;;;;;;;;;;;;;;;;;;;;;;;;;;;;;;;;;;;;;;;;;;;;;;;;;;;;;;;;;;;;;;;;;;;;;;;;;;;;;;;;;;;;;;;;;;;;;;;;;;;;;;;;;;;;;;;;;;;;;;;;;;;;;;;;;;;;;;;;;;;;;;;;;;;;;;;;;;;;;;;;;;;;;;;;;;;;;;;;;;;;;;;;;;;;;;;;;;;;
"172";"+";"-";"intermède";"entre";"-";"+";"+";"-";"+";"-";"+";"-";"-";"+";"~";;;;;;;;;;;;;;;;;;;;;;;;;;;;;;;;;;;;;;;;;;;;;;;;;;;;;;;;;;;;;;;;;;;;;;;;;;;;;;;;;;;;;;;;;;;;;;;;;;;;;;;;;;;;;;;;;;;;;;;;;;;;;;;;;;;;;;;;;;;;;;;;;;;;;;;;;;;;;;;;;;;;;;;;;;;;;;;;;;;;;;;;;;;;;;;;;;;;;;;;;;;;;;;;;;;;;;;;;;;;;;;;;;
"173";"+";"-";"introduction";"à";"-";"+";"+";"-";"+";"-";"+";"-";"-";"+";"~";;;;;;;;;;;;;;;;;;;;;;;;;;;;;;;;;;;;;;;;;;;;;;;;;;;;;;;;;;;;;;;;;;;;;;;;;;;;;;;;;;;;;;;;;;;;;;;;;;;;;;;;;;;;;;;;;;;;;;;;;;;;;;;;;;;;;;;;;;;;;;;;;;;;;;;;;;;;;;;;;;;;;;;;;;;;;;;;;;;;;;;;;;;;;;;;;;;;;;;;;;;;;;;;;;;;;;;;;;;;;;;;;;
"174";"+";"+";"intrusion";"Loc";"<E>";"-";"+";"-";"+";"+";"+";"-";"-";"+";"~";;;;;;;;;;;;;;;;;;;;;;;;;;;;;;;;;;;;;;;;;;;;;;;;;;;;;;;;;;;;;;;;;;;;;;;;;;;;;;;;;;;;;;;;;;;;;;;;;;;;;;;;;;;;;;;;;;;;;;;;;;;;;;;;;;;;;;;;;;;;;;;;;;;;;;;;;;;;;;;;;;;;;;;;;;;;;;;;;;;;;;;;;;;;;;;;;;;;;;;;;;;;;;;;;;;;;;;;;;;;;;;;;;
"175";"+";"-";"investigations";"sur";"-";"-";"-";"-";"+";"+";"+";"-";"-";"+";"~";;;;;;;;;;;;;;;;;;;;;;;;;;;;;;;;;;;;;;;;;;;;;;;;;;;;;;;;;;;;;;;;;;;;;;;;;;;;;;;;;;;;;;;;;;;;;;;;;;;;;;;;;;;;;;;;;;;;;;;;;;;;;;;;;;;;;;;;;;;;;;;;;;;;;;;;;;;;;;;;;;;;;;;;;;;;;;;;;;;;;;;;;;;;;;;;;;;;;;;;;;;;;;;;;;;;;;;;;;;;;;;;;;
"176";"+";"-";"investissement";"Loc";"-";"+";"+";"+";"+";"+";"+";"-";"-";"+";"~";;;;;;;;;;;;;;;;;;;;;;;;;;;;;;;;;;;;;;;;;;;;;;;;;;;;;;;;;;;;;;;;;;;;;;;;;;;;;;;;;;;;;;;;;;;;;;;;;;;;;;;;;;;;;;;;;;;;;;;;;;;;;;;;;;;;;;;;;;;;;;;;;;;;;;;;;;;;;;;;;;;;;;;;;;;;;;;;;;;;;;;;;;;;;;;;;;;;;;;;;;;;;;;;;;;;;;;;;;;;;;;;;;
"177";"+";"+";"irruption";"Loc";"<E>";"-";"+";"-";"+";"+";"+";"-";"-";"+";"~";;;;;;;;;;;;;;;;;;;;;;;;;;;;;;;;;;;;;;;;;;;;;;;;;;;;;;;;;;;;;;;;;;;;;;;;;;;;;;;;;;;;;;;;;;;;;;;;;;;;;;;;;;;;;;;;;;;;;;;;;;;;;;;;;;;;;;;;;;;;;;;;;;;;;;;;;;;;;;;;;;;;;;;;;;;;;;;;;;;;;;;;;;;;;;;;;;;;;;;;;;;;;;;;;;;;;;;;;;;;;;;;;;
"178";"+";"-";"jambages";"Loc";"-";"-";"-";"-";"+";"-";"+";"-";"-";"+";"~";;;;;;;;;;;;;;;;;;;;;;;;;;;;;;;;;;;;;;;;;;;;;;;;;;;;;;;;;;;;;;;;;;;;;;;;;;;;;;;;;;;;;;;;;;;;;;;;;;;;;;;;;;;;;;;;;;;;;;;;;;;;;;;;;;;;;;;;;;;;;;;;;;;;;;;;;;;;;;;;;;;;;;;;;;;;;;;;;;;;;;;;;;;;;;;;;;;;;;;;;;;;;;;;;;;;;;;;;;;;;;;;;;
"179";"+";"-";"jam-session";"avec";"-";"+";"+";"-";"+";"+";"-";"+";"-";"+";"~";;;;;;;;;;;;;;;;;;;;;;;;;;;;;;;;;;;;;;;;;;;;;;;;;;;;;;;;;;;;;;;;;;;;;;;;;;;;;;;;;;;;;;;;;;;;;;;;;;;;;;;;;;;;;;;;;;;;;;;;;;;;;;;;;;;;;;;;;;;;;;;;;;;;;;;;;;;;;;;;;;;;;;;;;;;;;;;;;;;;;;;;;;;;;;;;;;;;;;;;;;;;;;;;;;;;;;;;;;;;;;;;;;
"180";"+";"-";"jonction";"avec";"Poss0";"-";"+";"-";"-";"+";"-";"+";"+";"-";"~";;;;;;;;;;;;;;;;;;;;;;;;;;;;;;;;;;;;;;;;;;;;;;;;;;;;;;;;;;;;;;;;;;;;;;;;;;;;;;;;;;;;;;;;;;;;;;;;;;;;;;;;;;;;;;;;;;;;;;;;;;;;;;;;;;;;;;;;;;;;;;;;;;;;;;;;;;;;;;;;;;;;;;;;;;;;;;;;;;;;;;;;;;;;;;;;;;;;;;;;;;;;;;;;;;;;;;;;;;;;;;;;;;
"181";"+";"-";"jump";"entre";"le";"-";"+";"-";"-";"+";"+";"-";"-";"-";"~";;;;;;;;;;;;;;;;;;;;;;;;;;;;;;;;;;;;;;;;;;;;;;;;;;;;;;;;;;;;;;;;;;;;;;;;;;;;;;;;;;;;;;;;;;;;;;;;;;;;;;;;;;;;;;;;;;;;;;;;;;;;;;;;;;;;;;;;;;;;;;;;;;;;;;;;;;;;;;;;;;;;;;;;;;;;;;;;;;;;;;;;;;;;;;;;;;;;;;;;;;;;;;;;;;;;;;;;;;;;;;;;;;
"182";"+";"-";"kermesse";"avec";"-";"+";"+";"-";"+";"+";"-";"+";"-";"+";"~";;;;;;;;;;;;;;;;;;;;;;;;;;;;;;;;;;;;;;;;;;;;;;;;;;;;;;;;;;;;;;;;;;;;;;;;;;;;;;;;;;;;;;;;;;;;;;;;;;;;;;;;;;;;;;;;;;;;;;;;;;;;;;;;;;;;;;;;;;;;;;;;;;;;;;;;;;;;;;;;;;;;;;;;;;;;;;;;;;;;;;;;;;;;;;;;;;;;;;;;;;;;;;;;;;;;;;;;;;;;;;;;;;
"183";"-";"+";"lacet";"Loc";"-";"+";"+";"-";"+";"-";"+";"-";"-";"+";"~";;;;;;;;;;;;;;;;;;;;;;;;;;;;;;;;;;;;;;;;;;;;;;;;;;;;;;;;;;;;;;;;;;;;;;;;;;;;;;;;;;;;;;;;;;;;;;;;;;;;;;;;;;;;;;;;;;;;;;;;;;;;;;;;;;;;;;;;;;;;;;;;;;;;;;;;;;;;;;;;;;;;;;;;;;;;;;;;;;;;;;;;;;;;;;;;;;;;;;;;;;;;;;;;;;;;;;;;;;;;;;;;;;
"184";"+";"-";"libelle";"contre";"-";"+";"+";"-";"+";"+";"+";"-";"-";"+";"~";;;;;;;;;;;;;;;;;;;;;;;;;;;;;;;;;;;;;;;;;;;;;;;;;;;;;;;;;;;;;;;;;;;;;;;;;;;;;;;;;;;;;;;;;;;;;;;;;;;;;;;;;;;;;;;;;;;;;;;;;;;;;;;;;;;;;;;;;;;;;;;;;;;;;;;;;;;;;;;;;;;;;;;;;;;;;;;;;;;;;;;;;;;;;;;;;;;;;;;;;;;;;;;;;;;;;;;;;;;;;;;;;;
"185";"+";"-";"licence";"en";"-";"+";"+";"-";"+";"-";"+";"-";"-";"+";"~";;;;;;;;;;;;;;;;;;;;;;;;;;;;;;;;;;;;;;;;;;;;;;;;;;;;;;;;;;;;;;;;;;;;;;;;;;;;;;;;;;;;;;;;;;;;;;;;;;;;;;;;;;;;;;;;;;;;;;;;;;;;;;;;;;;;;;;;;;;;;;;;;;;;;;;;;;;;;;;;;;;;;;;;;;;;;;;;;;;;;;;;;;;;;;;;;;;;;;;;;;;;;;;;;;;;;;;;;;;;;;;;;;
"186";"+";"-";"ligne";"sur";"-";"+";"+";"-";"+";"-";"+";"-";"-";"+";"~";;;;;;;;;;;;;;;;;;;;;;;;;;;;;;;;;;;;;;;;;;;;;;;;;;;;;;;;;;;;;;;;;;;;;;;;;;;;;;;;;;;;;;;;;;;;;;;;;;;;;;;;;;;;;;;;;;;;;;;;;;;;;;;;;;;;;;;;;;;;;;;;;;;;;;;;;;;;;;;;;;;;;;;;;;;;;;;;;;;;;;;;;;;;;;;;;;;;;;;;;;;;;;;;;;;;;;;;;;;;;;;;;;
"187";"+";"-";"livre";"sur";"-";"+";"+";"-";"+";"+";"+";"-";"-";"+";"~";;;;;;;;;;;;;;;;;;;;;;;;;;;;;;;;;;;;;;;;;;;;;;;;;;;;;;;;;;;;;;;;;;;;;;;;;;;;;;;;;;;;;;;;;;;;;;;;;;;;;;;;;;;;;;;;;;;;;;;;;;;;;;;;;;;;;;;;;;;;;;;;;;;;;;;;;;;;;;;;;;;;;;;;;;;;;;;;;;;;;;;;;;;;;;;;;;;;;;;;;;;;;;;;;;;;;;;;;;;;;;;;;;
"188";"+";"-";"loi";"sur";"-";"+";"+";"-";"+";"-";"+";"-";"-";"+";"~"
"189";"+";"-";"loi d'exception";"sur";"-";"+";"+";"-";"+";"-";"+";"-";"-";"+";"~"
"190";"+";"-";"loi-cadre";"sur";"-";"+";"+";"-";"+";"-";"+";"-";"-";"+";"~"
"191";"+";"-";"loi-programme";"sur";"-";"+";"+";"-";"+";"-";"+";"-";"-";"+";"~"
"192";"+";"-";"long-métrage";"sur";"-";"+";"+";"+";"+";"+";"+";"-";"-";"+";"~"
"193";"+";"-";"malpropreté";"Loc";"-";"+";"+";"+";"+";"+";"+";"-";"-";"+";"~"
"194";"+";"-";"manche";"avec";"-";"+";"+";"-";"+";"+";"-";"+";"+";"+";"~"
"195";"+";"-";"manifeste";"sur";"-";"+";"+";"-";"+";"-";"+";"-";"-";"+";"~"
"196";"+";"-";"marathon";"Loc";"-";"+";"+";"-";"+";"+";"+";"-";"-";"+";"~"
"197";"+";"-";"marche";"contre";"-";"+";"+";"-";"+";"+";"+";"-";"-";"+";"~"
"198";"+";"-";"marche";"Loc";"-";"-";"+";"+";"-";"+";"+";"-";"-";"-";"~"
"199";"+";"-";"marche";"pour";"-";"+";"+";"-";"+";"+";"+";"-";"-";"+";"~"
"200";"+";"-";"marché";"avec";"-";"+";"+";"-";"+";"+";"-";"+";"+";"+";"~"
"201";"+";"+";"marque";"Loc";"-";"+";"+";"-";"+";"+";"+";"-";"-";"+";"~"
"202";"+";"-";"mascarade";"avec";"-";"+";"+";"-";"+";"+";"-";"+";"-";"+";"~"
"203";"+";"-";"match-aller";"avec";"-";"+";"+";"-";"+";"+";"-";"+";"+";"+";"~"
"204";"+";"-";"match-retour";"avec";"-";"+";"+";"-";"+";"+";"-";"+";"+";"+";"~"
"205";"-";"+";"méandre";"Loc";"-";"+";"+";"-";"+";"-";"+";"-";"-";"+";"~"
"206";"+";"-";"meeting";"avec";"-";"+";"+";"-";"+";"+";"-";"+";"+";"+";"~"
"207";"+";"-";"mêlée";"avec";"-";"+";"+";"-";"+";"+";"-";"+";"+";"+";"~"
"208";"+";"+";"méli-mélo";"Loc";"-";"-";"+";"+";"-";"+";"+";"-";"-";"+";"~"
"209";"+";"-";"mémoire";"sur";"-";"+";"+";"-";"+";"+";"+";"-";"-";"+";"~"
"210";"+";"-";"memorandum";"sur";"-";"+";"+";"-";"+";"-";"+";"-";"-";"+";"~"
"211";"+";"+";"miracle";"Loc";"-";"+";"+";"-";"+";"-";"+";"-";"-";"+";"~"
"212";"+";"-";"mission-suicide";"contre";"-";"+";"+";"-";"+";"+";"+";"-";"-";"+";"~"
"213";"+";"-";"monodie";"sur";"-";"+";"+";"-";"+";"-";"+";"-";"-";"+";"~"
"214";"+";"-";"monôme";"avec";"-";"+";"+";"-";"+";"+";"-";"+";"-";"+";"~"
"215";"+";"-";"motion";"sur";"-";"+";"+";"-";"+";"-";"+";"-";"-";"+";"~"
"216";"+";"-";"mouvement";"contre";"-";"+";"+";"-";"-";"+";"+";"-";"-";"+";"~"
"217";"+";"-";"mouvement";"vers";"-";"+";"+";"-";"+";"+";"+";"-";"-";"+";"~"
"218";"+";"+";"navette";"entre";"la";"-";"+";"-";"-";"+";"+";"-";"-";"+";"~"
"219";"+";"-";"négoce";"avec";"-";"-";"+";"+";"-";"+";"-";"+";"+";"+";"~"
"220";"+";"-";"nota bene";"sur";"-";"+";"+";"-";"+";"-";"+";"-";"-";"+";"~"
"221";"+";"-";"note";"sur";"-";"+";"+";"-";"+";"+";"+";"-";"-";"+";"~"
"222";"+";"-";"notice";"sur";"-";"+";"+";"-";"+";"+";"+";"-";"-";"+";"~"
"223";"+";"-";"O.P.A.";"sur";"-";"+";"+";"-";"+";"-";"+";"-";"-";"+";"~"
"224";"+";"-";"obstruction";"contre";"-";"-";"+";"+";"-";"+";"+";"-";"-";"+";"~"
"225";"+";"-";"offensive";"contre";"-";"+";"+";"-";"+";"+";"+";"-";"-";"+";"~"
"226";"-";"+";"ombrage";"Loc";"-";"-";"+";"+";"-";"+";"+";"-";"-";"+";"~"
"227";"+";"-";"opéra";"sur";"-";"+";"+";"-";"+";"+";"+";"-";"-";"+";"~"
"228";"+";"-";"opération";"contre";"-";"+";"+";"-";"+";"+";"+";"-";"-";"+";"~"
"229";"+";"-";"opération-coup-de-poing";"contre";"-";"+";"+";"-";"+";"+";"+";"-";"-";"+";"~"
"230";"+";"-";"opération-escargot";"Loc";"-";"+";"+";"-";"+";"+";"+";"-";"-";"+";"~"
"231";"+";"-";"opération-suicide";"contre";"-";"+";"+";"-";"+";"+";"+";"-";"-";"+";"~"
"232";"+";"-";"opération-vérité";"sur";"-";"+";"+";"-";"+";"+";"+";"-";"-";"+";"~"
"233";"+";"-";"ordures";"Loc";"Poss0";"-";"-";"-";"+";"+";"+";"-";"-";"+";"~"
"234";"+";"-";"orgie";"de";"-";"+";"+";"-";"+";"-";"+";"-";"-";"+";"~"
"235";"+";"+";"ouverture";"Loc";"-";"+";"+";"-";"+";"-";"+";"-";"-";"+";"~"
"236";"+";"-";"page";"sur";"-";"+";"+";"-";"+";"+";"+";"-";"-";"+";"~"
"237";"+";"-";"pamphlet";"contre";"-";"+";"+";"-";"+";"+";"+";"-";"-";"+";"~"
"238";"+";"-";"papier";"sur";"-";"+";"+";"-";"+";"+";"+";"-";"-";"+";"~"
"239";"+";"-";"parallèle";"entre";"le";"+";"+";"-";"+";"+";"+";"-";"-";"+";"~"
"240";"+";"-";"parenthèse";"sur";"-";"+";"+";"-";"+";"+";"+";"-";"-";"+";"~"
"241";"+";"-";"parlotes";"avec";"-";"-";"-";"-";"+";"+";"-";"+";"+";"+";"~"
"242";"+";"-";"partouze";"avec";"-";"+";"+";"-";"+";"+";"-";"+";"-";"+";"~"
"243";"+";"-";"pas";"vers";"-";"+";"+";"-";"+";"+";"+";"-";"-";"-";"~"
"244";"+";"-";"pas-à-pas";"Loc";"-";"-";"+";"+";"-";"-";"+";"-";"-";"-";"~"
"245";"+";"-";"pâtés";"Loc";"-";"+";"+";"-";"+";"-";"+";"-";"-";"+";"~"
"246";"+";"-";"patrouille";"Loc";"-";"+";"+";"-";"+";"+";"+";"-";"-";"+";"~"
"247";"+";"-";"pèlerinage";"Loc";"-";"+";"+";"-";"+";"+";"+";"-";"-";"+";"~"
"248";"+";"+";"percée";"Loc";"-";"+";"+";"-";"+";"+";"+";"-";"-";"+";"~"
"249";"+";"-";"pérégrination";"Loc";"-";"-";"-";"-";"+";"-";"+";"-";"-";"+";"~"
"250";"+";"-";"périple";"autour de";"-";"+";"+";"-";"+";"-";"+";"-";"-";"-";"~"
"251";"+";"-";"philippique";"contre";"-";"+";"+";"-";"+";"+";"-";"-";"-";"+";"~"
"252";"+";"-";"pince-fesses";"avec";"-";"+";"+";"+";"+";"+";"-";"+";"-";"+";"~"
"253";"+";"-";"placement";"Loc";"-";"+";"+";"-";"+";"-";"+";"-";"-";"+";"~"
"254";"+";"-";"pleins et déliés";"Loc";"-";"-";"-";"-";"+";"-";"+";"-";"-";"+";"~"
"255";"+";"-";"pli";"Loc";"-";"+";"+";"-";"+";"-";"+";"-";"-";"+";"~"
"256";"+";"-";"plongeon";"devant";"-";"+";"+";"-";"+";"+";"-";"-";"-";"+";"~"
"257";"+";"-";"poème";"sur";"-";"+";"+";"-";"+";"+";"+";"-";"-";"+";"~"
"258";"+";"-";"pointe";"jusqu'à";"-";"+";"-";"-";"-";"+";"+";"-";"-";"-";"~"
"259";"+";"-";"pont";"entre";"le";"+";"+";"-";"+";"-";"+";"-";"-";"+";"~"
"260";"+";"-";"préambule";"à";"-";"+";"+";"-";"+";"-";"+";"-";"-";"+";"~"
"261";"+";"-";"première";"Loc";"-";"+";"+";"-";"-";"-";"+";"-";"-";"+";"~"
"262";"+";"-";"préparatifs";"de";"-";"-";"-";"-";"+";"-";"+";"-";"-";"+";"~"
"263";"+";"+";"pression";"sur";"<E>";"-";"+";"-";"-";"+";"+";"-";"-";"+";"~"
"264";"+";"-";"prestation";"devant";"-";"+";"+";"-";"+";"+";"-";"-";"-";"-";"~"
"265";"+";"-";"procédure";"contre";"-";"+";"+";"-";"-";"+";"-";"-";"-";"+";"~"
"266";"+";"-";"procession";"avec";"-";"+";"+";"-";"+";"+";"-";"+";"-";"+";"~"
"267";"+";"+";"prodige";"Loc";"-";"-";"-";"-";"+";"+";"+";"-";"-";"+";"~"
"268";"+";"-";"profit";"sur";"-";"+";"+";"+";"+";"-";"+";"-";"-";"+";"~"
"269";"+";"-";"projection";"sur";"-";"+";"+";"-";"-";"+";"-";"-";"-";"+";"~"
"270";"-";"+";"projection";"sur";"-";"+";"+";"+";"+";"-";"+";"-";"-";"+";"~"
"271";"+";"-";"pugilat";"avec";"-";"+";"+";"+";"-";"+";"-";"+";"-";"+";"~"
"272";"+";"-";"purge";"Loc";"-";"+";"+";"+";"+";"+";"-";"-";"-";"+";"~"
"273";"+";"-";"putsch";"contre";"-";"+";"+";"-";"+";"+";"+";"-";"-";"+";"~"
"274";"+";"-";"quadrille";"avec";"-";"+";"+";"-";"+";"+";"-";"+";"-";"+";"~"
"275";"+";"-";"raccord";"Loc";"-";"+";"+";"-";"+";"-";"+";"-";"-";"+";"~"
"276";"+";"-";"racket";"Loc";"-";"+";"+";"+";"+";"+";"+";"-";"-";"+";"~"
"277";"+";"+";"raffut";"Loc";"-";"-";"+";"+";"-";"+";"+";"-";"-";"+";"~"
"278";"+";"-";"rafle";"Loc";"-";"+";"+";"-";"+";"+";"+";"-";"-";"+";"~"
"279";"+";"-";"ragots";"sur";"-";"-";"-";"-";"+";"+";"+";"-";"-";"+";"~"
"280";"+";"-";"raid";"contre";"-";"+";"+";"-";"+";"+";"-";"-";"-";"+";"~"
"281";"+";"-";"raid";"Loc";"-";"+";"+";"+";"+";"+";"+";"-";"-";"+";"~"
"282";"+";"+";"rainure";"Loc";"-";"+";"+";"-";"+";"-";"+";"-";"-";"+";"~"
"283";"+";"-";"ralenti";"Loc";"-";"+";"+";"+";"+";"-";"+";"-";"-";"+";"~"
"284";"+";"-";"rallye";"avec";"-";"+";"+";"+";"+";"+";"-";"+";"-";"+";"~"
"285";"+";"-";"randonnée";"Loc";"-";"+";"+";"+";"+";"+";"+";"-";"-";"+";"~"
"286";"+";"-";"razzia";"Loc";"la";"+";"+";"-";"-";"+";"+";"-";"-";"+";"~"
"287";"+";"-";"recherche";"sur";"-";"+";"+";"+";"+";"+";"+";"-";"-";"+";"~"
"288";"+";"-";"recoupement";"entre";"le";"+";"+";"-";"+";"+";"+";"-";"-";"+";"~"
"289";"+";"-";"rectificatif";"sur";"-";"+";"+";"-";"+";"-";"+";"-";"-";"+";"~"
"290";"+";"-";"rédaction";"sur";"-";"+";"+";"-";"+";"+";"+";"-";"-";"+";"~"
"291";"+";"-";"redites";"Loc";"-";"-";"-";"-";"+";"-";"+";"-";"-";"+";"~"
"292";"+";"-";"référendum";"sur";"-";"+";"+";"-";"+";"-";"+";"-";"-";"+";"~"
"293";"+";"-";"régate";"avec";"-";"+";"+";"+";"+";"+";"-";"+";"+";"+";"~"
"294";"+";"-";"relation";"entre";"la";"+";"+";"-";"-";"+";"+";"-";"-";"+";"~"
"295";"+";"-";"remplissage";"Loc";"-";"-";"+";"+";"-";"-";"+";"-";"-";"+";"~"
"296";"+";"-";"renvoi";"Loc";"-";"+";"+";"-";"+";"-";"+";"-";"-";"+";"~"
"297";"+";"-";"repas";"de";"-";"+";"+";"-";"+";"-";"+";"-";"-";"+";"~"
"298";"+";"-";"repos";"Loc";"-";"+";"+";"-";"+";"+";"+";"-";"-";"+";"~"
"299";"+";"-";"représailles";"contre";"-";"-";"-";"-";"+";"+";"-";"-";"-";"+";"~"
"300";"+";"-";"réquisitoire";"contre";"-";"+";"+";"-";"+";"+";"+";"-";"-";"+";"~"
"301";"+";"-";"rescrit";"sur";"-";"+";"+";"-";"-";"-";"+";"-";"-";"+";"~"
"302";"+";"-";"réserves";"de";"-";"+";"+";"-";"+";"-";"+";"-";"-";"+";"~"
"303";"+";"-";"réserves";"sur";"-";"-";"-";"-";"+";"+";"+";"-";"-";"+";"~"
"304";"+";"-";"restriction";"sur";"-";"+";"+";"-";"+";"+";"+";"-";"-";"+";"~"
"305";"+";"-";"retraite";"Loc";"<E>";"-";"+";"-";"-";"+";"+";"-";"-";"+";"~"
"306";"+";"-";"retraite";"vers";"<E>";"+";"+";"-";"-";"-";"+";"-";"-";"+";"~"
"307";"+";"-";"revanche";"avec";"la";"+";"+";"-";"+";"+";"-";"+";"+";"+";"~"
"308";"-";"+";"révolution";"autour";"-";"+";"+";"-";"+";"-";"+";"-";"-";"+";"~"
"309";"+";"+";"révolution";"Loc";"-";"+";"+";"-";"+";"+";"+";"-";"-";"+";"~"
"310";"+";"-";"revue";"sur";"-";"+";"+";"-";"+";"+";"+";"-";"-";"+";"~"
"311";"+";"-";"ricochets";"Loc";"-";"-";"-";"-";"+";"-";"+";"-";"-";"+";"~"
"312";"+";"+";"rigole";"Loc";"-";"+";"+";"-";"+";"-";"+";"-";"-";"+";"~"
"313";"+";"-";"rixe";"avec";"-";"+";"+";"-";"+";"+";"-";"+";"+";"+";"~"
"314";"+";"-";"rodeo";"avec";"-";"+";"+";"+";"+";"+";"-";"+";"-";"+";"~"
"315";"+";"-";"roman";"sur";"-";"+";"+";"-";"+";"+";"+";"-";"-";"+";"~"
"316";"+";"-";"roman-fleuve";"sur";"-";"+";"+";"-";"+";"+";"+";"-";"-";"+";"~"
"317";"+";"-";"ronde";"avec";"la";"+";"+";"-";"+";"+";"-";"+";"-";"+";"~"
"318";"+";"-";"ronde";"Loc";"la";"+";"+";"-";"+";"+";"+";"-";"-";"+";"~"
"319";"+";"-";"rosace";"Loc";"-";"+";"+";"-";"+";"-";"+";"-";"-";"+";"~"
"320";"+";"-";"rotation";"avec";"-";"+";"+";"-";"+";"+";"+";"+";"+";"+";"~"
"321";"+";"+";"rotation";"sur";"-";"+";"+";"-";"+";"-";"+";"-";"-";"-";"~"
"322";"+";"-";"roulades";"Loc";"-";"+";"+";"-";"+";"-";"+";"-";"-";"-";"~"
"323";"+";"-";"round";"avec";"-";"+";"+";"-";"+";"+";"-";"+";"+";"+";"~"
"324";"+";"-";"rush";"contre";"-";"+";"+";"-";"+";"+";"+";"-";"-";"+";"~"
"325";"+";"-";"rush";"Loc";"-";"+";"+";"-";"+";"+";"+";"-";"-";"+";"~"
"326";"+";"-";"sabbat";"Loc";"le";"-";"+";"-";"-";"+";"+";"-";"-";"+";"~"
"327";"+";"-";"safari";"Loc";"-";"+";"+";"+";"+";"+";"+";"-";"-";"+";"~"
"328";"+";"-";"safari-photo";"Loc";"-";"+";"+";"+";"+";"+";"+";"-";"-";"+";"~"
"329";"+";"-";"saignée";"Loc";"-";"+";"+";"-";"+";"-";"+";"-";"-";"+";"~"
"330";"-";"+";"saillie";"au-dessus";"-";"+";"+";"-";"+";"-";"+";"-";"-";"+";"~"
"331";"+";"-";"saisie-arrêt";"contre";"-";"+";"+";"-";"+";"-";"+";"-";"-";"+";"~"
"332";"+";"-";"saison";"Loc";"-";"+";"+";"-";"+";"+";"+";"-";"-";"-";"~"
"333";"+";"-";"saleté";"Loc";"-";"+";"+";"+";"+";"+";"+";"-";"-";"+";"~"
"334";"+";"-";"sarabande";"Loc";"la";"+";"+";"-";"+";"+";"+";"+";"-";"+";"~"
"335";"+";"-";"satire";"contre";"-";"+";"+";"+";"+";"+";"+";"-";"-";"+";"~"
"336";"+";"-";"saut";"Loc";"-";"+";"-";"-";"-";"+";"+";"-";"-";"-";"~"
"337";"+";"-";"sauterie";"avec";"-";"+";"+";"-";"+";"+";"-";"+";"-";"+";"~"
"338";"+";"-";"saynète";"sur";"-";"+";"+";"-";"+";"-";"+";"-";"-";"+";"~"
"339";"+";"-";"scolarité";"Loc";"Poss0";"-";"+";"-";"-";"+";"+";"-";"-";"+";"~"
"340";"+";"-";"scoop";"sur";"-";"+";"+";"-";"+";"+";"+";"-";"-";"+";"~"
"341";"+";"+";"score";"de";"-";"+";"+";"-";"+";"-";"+";"-";"-";"+";"~"
"342";"+";"-";"ségrégation";"entre";"la";"+";"+";"+";"-";"+";"+";"-";"-";"+";"~"
"343";"+";"-";"séminaire";"avec";"-";"+";"+";"-";"+";"+";"-";"+";"+";"+";"~"
"344";"+";"-";"sévices";"sur";"-";"-";"-";"-";"+";"+";"-";"-";"-";"-";"~"
"345";"+";"-";"silence";"sur";"le";"-";"+";"-";"-";"+";"+";"-";"-";"-";"~"
"346";"+";"+";"sillon";"Loc";"-";"+";"+";"-";"+";"-";"+";"-";"-";"+";"~"
"347";"+";"-";"sit in";"avec";"-";"+";"+";"-";"+";"+";"-";"+";"-";"+";"~"
"348";"+";"-";"slalom";"entre";"-";"+";"+";"+";"+";"-";"+";"-";"-";"+";"~"
"349";"+";"-";"société";"avec";"-";"+";"+";"-";"+";"+";"-";"+";"-";"+";"~"
"350";"+";"-";"solo";"de";"-";"+";"+";"-";"+";"-";"+";"-";"-";"+";"~"
"351";"+";"-";"sortie";"contre";"-";"+";"+";"-";"+";"+";"+";"-";"-";"+";"~"
"352";"+";"-";"sortie";"Loc";"-";"+";"+";"-";"+";"+";"+";"-";"-";"+";"~"
"353";"+";"-";"spectacle";"devant";"-";"-";"+";"+";"-";"+";"-";"-";"-";"-";"~"
"354";"+";"-";"stage";"de";"-";"+";"+";"-";"+";"-";"+";"-";"-";"+";"~"
"355";"+";"-";"stage";"sur";"-";"+";"+";"-";"+";"-";"+";"-";"-";"+";"~"
"356";"+";"-";"station";"Loc";"-";"+";"+";"-";"+";"+";"+";"-";"-";"+";"~"
"357";"+";"-";"subversion";"contre";"-";"-";"+";"+";"-";"+";"+";"-";"-";"+";"~"
"358";"+";"-";"surboum";"avec";"-";"+";"+";"-";"+";"+";"-";"+";"-";"+";"~"
"359";"+";"-";"surcharge";"Loc";"-";"+";"+";"-";"+";"-";"+";"-";"-";"+";"~"
"360";"-";"+";"surplomb";"au dessus de ";"-";"+";"+";"-";"+";"-";"+";"-";"-";"+";"~"
"361";"+";"-";"surprise-partie";"avec";"-";"+";"+";"-";"+";"+";"-";"+";"-";"+";"~"
"362";"+";"-";"symposium";"sur";"-";"+";"+";"-";"+";"-";"+";"-";"-";"+";"~"
"363";"+";"+";"taillade";"Loc";"-";"+";"+";"-";"+";"-";"+";"-";"-";"+";"~"
"364";"+";"+";"tam-tam";"Loc";"-";"-";"+";"+";"-";"+";"+";"-";"-";"+";"~"
"365";"+";"-";"tam-tam";"sur";"-";"-";"+";"+";"-";"-";"+";"-";"-";"+";"~"
"366";"+";"-";"tandem";"avec";"<E>";"-";"+";"-";"-";"+";"-";"+";"-";"-";"~"
"367";"+";"-";"temps";"de";"-";"+";"+";"-";"+";"-";"+";"-";"-";"+";"~"
"368";"-";"+";"teuf-teuf";"Loc";"<E>";"+";"+";"-";"+";"-";"+";"-";"-";"+";"~"
"369";"+";"-";"texte";"sur";"-";"+";"+";"-";"+";"+";"+";"-";"-";"+";"~"
"370";"+";"-";"théorie";"sur";"-";"+";"+";"+";"+";"+";"+";"-";"-";"+";"~"
"371";"+";"-";"thèse";"sur";"-";"+";"+";"-";"+";"+";"+";"-";"-";"+";"~"
"372";"+";"+";"tintamarre";"Loc";"-";"-";"+";"+";"-";"+";"+";"-";"-";"+";"~"
"373";"+";"-";"tiret";"Loc";"-";"+";"+";"-";"+";"-";"+";"-";"-";"+";"~"
"374";"+";"-";"toc-toc";"Loc";"<E>";"+";"+";"-";"+";"+";"+";"-";"-";"+";"~"
"375";"+";"+";"tohu-bohu";"Loc";"-";"-";"+";"+";"-";"+";"+";"-";"-";"+";"~"
"376";"+";"-";"torchon";"sur";"-";"+";"+";"-";"+";"+";"+";"-";"-";"+";"~"
"377";"+";"-";"touche";"avec";"-";"+";"+";"-";"+";"+";"-";"-";"-";"-";"~"
"378";"+";"-";"tour";"Loc";"-";"+";"+";"-";"+";"+";"+";"-";"-";"-";"~"
"379";"+";"+";"tour";"sur";"-";"+";"+";"-";"+";"-";"+";"-";"-";"-";"~"
"380";"+";"-";"tournée";"Loc";"-";"+";"+";"-";"+";"+";"+";"-";"-";"+";"~"
"381";"+";"-";"tournoi";"avec";"-";"+";"+";"-";"+";"+";"-";"+";"-";"+";"~"
"382";"+";"+";"trace";"Loc";"-";"+";"+";"-";"+";"-";"+";"-";"-";"+";"~"
"383";"+";"-";"tract";"sur";"-";"+";"+";"-";"+";"-";"+";"-";"-";"+";"~"
"384";"+";"-";"tractations";"avec";"-";"-";"-";"-";"+";"+";"-";"+";"+";"+";"~"
"385";"+";"+";"traction";"sur";"-";"+";"+";"-";"+";"-";"+";"-";"-";"+";"~"
"386";"+";"-";"trait";"Loc";"-";"+";"+";"-";"+";"-";"+";"-";"-";"+";"~"
"387";"+";"-";"trait";"sur";"-";"+";"+";"-";"-";"-";"+";"-";"-";"-";"~"
"388";"+";"-";"traité";"avec";"-";"+";"+";"-";"+";"+";"-";"+";"+";"+";"~"
"389";"+";"-";"traité";"sur";"-";"+";"+";"-";"+";"+";"+";"-";"-";"+";"~"
"390";"+";"+";"trajet";"entre";"-";"+";"+";"-";"+";"+";"+";"-";"-";"+";"~"
"391";"+";"-";"trajet";"entre";"le";"-";"+";"-";"+";"-";"+";"-";"-";"+";"~"
"392";"+";"-";"tranchée";"Loc";"-";"+";"+";"-";"+";"-";"+";"-";"-";"+";"~"
"393";"+";"-";"transaction";"avec";"-";"+";"+";"-";"+";"+";"-";"+";"+";"+";"~"
"394";"+";"-";"transfert";"sur";"-";"+";"+";"+";"-";"+";"-";"-";"-";"-";"~"
"395";"+";"-";"transition";"entre";"-";"+";"+";"-";"+";"+";"+";"-";"-";"+";"~"
"396";"+";"-";"translation";"entre";"-";"+";"+";"-";"+";"+";"+";"-";"-";"+";"~"
"397";"+";"-";"travelling";"Loc";"-";"+";"+";"-";"+";"-";"+";"-";"-";"+";"~"
"398";"+";"-";"trempette";"Loc";"<E>";"-";"+";"-";"-";"+";"+";"-";"-";"-";"~"
"399";"+";"-";"trio";"avec";"-";"+";"+";"-";"+";"+";"-";"+";"-";"+";"~"
"400";"+";"-";"tripotages";"Loc";"-";"-";"-";"-";"+";"-";"+";"-";"-";"+";"~"
"401";"+";"-";"trouée";"Loc";"-";"+";"+";"-";"+";"+";"+";"-";"-";"+";"~"
"402";"-";"+";"trouée";"Loc";"-";"+";"+";"-";"+";"-";"+";"-";"-";"+";"~"
"403";"+";"+";"tumulte";"Loc";"-";"-";"+";"+";"-";"+";"+";"-";"-";"+";"~"
"404";"+";"+";"va-et-vient";"entre";"le";"-";"+";"+";"+";"+";"+";"-";"-";"+";"~"
"405";"+";"-";"variations";"sur";"-";"+";"+";"-";"+";"-";"+";"-";"-";"+";"~"
"406";"+";"+";"vide";"autour de";"le";"-";"+";"-";"-";"+";"-";"-";"-";"-";"~"
"407";"+";"-";"virée";"Loc";"-";"+";"+";"-";"+";"+";"+";"-";"-";"+";"~"
"408";"+";"-";"vitesse";"de";"-";"+";"+";"-";"+";"-";"+";"-";"-";"-";"~"
"409";"+";"-";"voeux";"pour";"-";"-";"-";"-";"+";"+";"+";"-";"-";"-";"~"
"410";"+";"-";"vol-suicide";"Loc";"-";"+";"+";"-";"+";"+";"+";"-";"-";"+";"~"
"411";"+";"-";"volte";"vers";"-";"+";"+";"-";"+";"+";"+";"-";"-";"-";"~"
"412";"+";"-";"voltige";"Loc";"-";"-";"+";"+";"-";"-";"+";"-";"-";"-";"~"
"413";"+";"-";"voyage-éclair";"Loc";"-";"+";"+";"-";"+";"+";"+";"-";"-";"+";"~"
"414";"+";"-";"zèle";"auprès de";"-";"-";"+";"+";"-";"+";"-";"-";"-";"-";"~"
